#
# TABLE STRUCTURE FOR: catalog
#

DROP TABLE IF EXISTS `catalog`;

CREATE TABLE `catalog` (
  `id` int(10) unsigned NOT NULL AUTO_INCREMENT COMMENT 'Идентификатор строки',
  `name` varchar(255) COLLATE utf8mb4_unicode_ci NOT NULL COMMENT 'Название ',
  `genre_id` int(10) unsigned NOT NULL COMMENT 'Ссылка на жанр',
  `type_id` int(10) unsigned NOT NULL COMMENT 'Ссылка на тип',
  `rating_id` int(10) unsigned NOT NULL COMMENT 'Ссылка на рейтинг',
  `country_creation` varchar(130) COLLATE utf8mb4_unicode_ci DEFAULT NULL COMMENT 'Страна создания',
  `year_creation` year(4) DEFAULT NULL COMMENT 'Год создания',
  `created_at` datetime DEFAULT current_timestamp() COMMENT 'Время создания строки',
  `updated_at` datetime DEFAULT current_timestamp() ON UPDATE current_timestamp() COMMENT 'Время обновления строки',
  PRIMARY KEY (`id`),
  UNIQUE KEY `name` (`name`)
) ENGINE=InnoDB AUTO_INCREMENT=101 DEFAULT CHARSET=utf8mb4 COLLATE=utf8mb4_unicode_ci COMMENT='Каталог';

INSERT INTO `catalog` (`id`, `name`, `genre_id`, `type_id`, `rating_id`, `country_creation`, `year_creation`, `created_at`, `updated_at`) VALUES (1, 'consectetur', 1, 1, 1, 'Faroe Islands', '1978', '2015-07-13 20:47:00', '1984-04-13 10:18:15');
INSERT INTO `catalog` (`id`, `name`, `genre_id`, `type_id`, `rating_id`, `country_creation`, `year_creation`, `created_at`, `updated_at`) VALUES (2, 'sit', 2, 2, 2, 'Macedonia', '1986', '1984-03-26 20:29:40', '1986-06-05 16:47:09');
INSERT INTO `catalog` (`id`, `name`, `genre_id`, `type_id`, `rating_id`, `country_creation`, `year_creation`, `created_at`, `updated_at`) VALUES (3, 'ratione', 3, 3, 3, 'Luxembourg', '1980', '1976-01-23 03:20:53', '1987-03-27 19:07:24');
INSERT INTO `catalog` (`id`, `name`, `genre_id`, `type_id`, `rating_id`, `country_creation`, `year_creation`, `created_at`, `updated_at`) VALUES (4, 'est', 4, 1, 4, 'Iraq', '2011', '1978-04-10 20:18:40', '1998-08-15 23:12:49');
INSERT INTO `catalog` (`id`, `name`, `genre_id`, `type_id`, `rating_id`, `country_creation`, `year_creation`, `created_at`, `updated_at`) VALUES (5, 'aut', 5, 2, 5, 'Timor-Leste', '1991', '2003-11-17 18:34:43', '1980-09-07 22:53:04');
INSERT INTO `catalog` (`id`, `name`, `genre_id`, `type_id`, `rating_id`, `country_creation`, `year_creation`, `created_at`, `updated_at`) VALUES (6, 'illum', 6, 3, 6, 'Malawi', '2013', '1975-02-07 11:29:04', '2003-02-20 05:27:20');
INSERT INTO `catalog` (`id`, `name`, `genre_id`, `type_id`, `rating_id`, `country_creation`, `year_creation`, `created_at`, `updated_at`) VALUES (7, 'rerum', 7, 1, 7, 'Mayotte', '1990', '1980-06-17 08:30:50', '1979-04-06 16:43:20');
INSERT INTO `catalog` (`id`, `name`, `genre_id`, `type_id`, `rating_id`, `country_creation`, `year_creation`, `created_at`, `updated_at`) VALUES (8, 'rem', 8, 2, 8, 'Libyan Arab Jamahiriya', '2013', '2001-09-16 15:35:46', '1989-06-13 06:20:09');
INSERT INTO `catalog` (`id`, `name`, `genre_id`, `type_id`, `rating_id`, `country_creation`, `year_creation`, `created_at`, `updated_at`) VALUES (9, 'et', 9, 3, 9, 'Mauritania', '1988', '1972-09-18 00:45:46', '2011-05-13 22:00:11');
INSERT INTO `catalog` (`id`, `name`, `genre_id`, `type_id`, `rating_id`, `country_creation`, `year_creation`, `created_at`, `updated_at`) VALUES (10, 'dolorum', 10, 1, 10, 'Cocos (Keeling) Islands', '2018', '1988-03-22 16:59:09', '2017-11-01 16:18:30');
INSERT INTO `catalog` (`id`, `name`, `genre_id`, `type_id`, `rating_id`, `country_creation`, `year_creation`, `created_at`, `updated_at`) VALUES (11, 'natus', 1, 2, 11, 'Macedonia', '2012', '1999-11-07 20:09:24', '2003-11-20 08:58:35');
INSERT INTO `catalog` (`id`, `name`, `genre_id`, `type_id`, `rating_id`, `country_creation`, `year_creation`, `created_at`, `updated_at`) VALUES (12, 'eos', 2, 3, 12, 'Reunion', '1983', '2012-08-20 08:47:56', '1991-04-26 08:01:01');
INSERT INTO `catalog` (`id`, `name`, `genre_id`, `type_id`, `rating_id`, `country_creation`, `year_creation`, `created_at`, `updated_at`) VALUES (13, 'voluptates', 3, 1, 13, 'Kazakhstan', '1978', '1972-06-03 17:29:20', '2000-10-21 09:48:23');
INSERT INTO `catalog` (`id`, `name`, `genre_id`, `type_id`, `rating_id`, `country_creation`, `year_creation`, `created_at`, `updated_at`) VALUES (14, 'ut', 4, 2, 14, 'Nauru', '1979', '1992-11-14 01:18:36', '2004-01-22 10:57:06');
INSERT INTO `catalog` (`id`, `name`, `genre_id`, `type_id`, `rating_id`, `country_creation`, `year_creation`, `created_at`, `updated_at`) VALUES (15, 'odio', 5, 3, 15, 'Cayman Islands', '1990', '2014-02-07 03:51:45', '1978-05-02 23:38:36');
INSERT INTO `catalog` (`id`, `name`, `genre_id`, `type_id`, `rating_id`, `country_creation`, `year_creation`, `created_at`, `updated_at`) VALUES (16, 'quam', 6, 1, 16, 'Poland', '2018', '2004-09-14 22:59:50', '2013-10-13 17:33:17');
INSERT INTO `catalog` (`id`, `name`, `genre_id`, `type_id`, `rating_id`, `country_creation`, `year_creation`, `created_at`, `updated_at`) VALUES (17, 'alias', 7, 2, 17, 'Lebanon', '1976', '1980-07-10 00:36:33', '1977-02-13 12:07:42');
INSERT INTO `catalog` (`id`, `name`, `genre_id`, `type_id`, `rating_id`, `country_creation`, `year_creation`, `created_at`, `updated_at`) VALUES (18, 'placeat', 8, 3, 18, 'Chad', '1993', '1979-07-20 19:11:43', '1991-12-08 21:27:31');
INSERT INTO `catalog` (`id`, `name`, `genre_id`, `type_id`, `rating_id`, `country_creation`, `year_creation`, `created_at`, `updated_at`) VALUES (19, 'voluptatem', 9, 1, 19, 'Vietnam', '1978', '1970-12-01 05:40:46', '2007-04-01 11:22:03');
INSERT INTO `catalog` (`id`, `name`, `genre_id`, `type_id`, `rating_id`, `country_creation`, `year_creation`, `created_at`, `updated_at`) VALUES (20, 'vel', 10, 2, 20, 'Slovenia', '1981', '1979-06-05 23:15:40', '1990-08-24 17:15:22');
INSERT INTO `catalog` (`id`, `name`, `genre_id`, `type_id`, `rating_id`, `country_creation`, `year_creation`, `created_at`, `updated_at`) VALUES (21, 'commodi', 1, 3, 21, 'Uganda', '2014', '1977-02-18 00:31:33', '2011-05-18 21:54:55');
INSERT INTO `catalog` (`id`, `name`, `genre_id`, `type_id`, `rating_id`, `country_creation`, `year_creation`, `created_at`, `updated_at`) VALUES (22, 'non', 2, 1, 22, 'New Zealand', '1977', '1976-01-03 18:00:42', '2009-12-23 10:55:22');
INSERT INTO `catalog` (`id`, `name`, `genre_id`, `type_id`, `rating_id`, `country_creation`, `year_creation`, `created_at`, `updated_at`) VALUES (23, 'recusandae', 3, 2, 23, 'Eritrea', '1993', '1988-07-27 08:19:26', '1993-02-19 21:07:21');
INSERT INTO `catalog` (`id`, `name`, `genre_id`, `type_id`, `rating_id`, `country_creation`, `year_creation`, `created_at`, `updated_at`) VALUES (24, 'esse', 4, 3, 24, 'Sweden', '1984', '2006-11-11 01:19:30', '2008-05-04 18:29:52');
INSERT INTO `catalog` (`id`, `name`, `genre_id`, `type_id`, `rating_id`, `country_creation`, `year_creation`, `created_at`, `updated_at`) VALUES (25, 'deleniti', 5, 1, 25, 'United Kingdom', '2000', '2002-04-22 00:29:31', '1977-11-16 18:21:37');
INSERT INTO `catalog` (`id`, `name`, `genre_id`, `type_id`, `rating_id`, `country_creation`, `year_creation`, `created_at`, `updated_at`) VALUES (26, 'sed', 6, 2, 26, 'Suriname', '2016', '1979-11-19 03:41:02', '1972-02-23 11:47:17');
INSERT INTO `catalog` (`id`, `name`, `genre_id`, `type_id`, `rating_id`, `country_creation`, `year_creation`, `created_at`, `updated_at`) VALUES (27, 'enim', 7, 3, 27, 'Yemen', '2007', '1995-10-01 13:40:53', '1994-11-18 21:05:53');
INSERT INTO `catalog` (`id`, `name`, `genre_id`, `type_id`, `rating_id`, `country_creation`, `year_creation`, `created_at`, `updated_at`) VALUES (28, 'veritatis', 8, 1, 28, 'Estonia', '1999', '2004-03-18 00:47:33', '1983-10-01 14:17:05');
INSERT INTO `catalog` (`id`, `name`, `genre_id`, `type_id`, `rating_id`, `country_creation`, `year_creation`, `created_at`, `updated_at`) VALUES (29, 'quia', 9, 2, 29, 'Guam', '1982', '2002-05-26 00:07:51', '2020-10-25 14:18:21');
INSERT INTO `catalog` (`id`, `name`, `genre_id`, `type_id`, `rating_id`, `country_creation`, `year_creation`, `created_at`, `updated_at`) VALUES (30, 'tempora', 10, 3, 30, 'Moldova', '2020', '1989-04-11 22:26:59', '1997-10-07 19:39:44');
INSERT INTO `catalog` (`id`, `name`, `genre_id`, `type_id`, `rating_id`, `country_creation`, `year_creation`, `created_at`, `updated_at`) VALUES (31, 'blanditiis', 1, 1, 31, 'Uganda', '1979', '1973-05-24 08:53:16', '1973-12-22 03:54:31');
INSERT INTO `catalog` (`id`, `name`, `genre_id`, `type_id`, `rating_id`, `country_creation`, `year_creation`, `created_at`, `updated_at`) VALUES (32, 'qui', 2, 2, 32, 'Gibraltar', '2014', '2005-07-20 14:48:52', '2007-04-08 12:32:53');
INSERT INTO `catalog` (`id`, `name`, `genre_id`, `type_id`, `rating_id`, `country_creation`, `year_creation`, `created_at`, `updated_at`) VALUES (33, 'porro', 3, 3, 33, 'Gibraltar', '2017', '2005-12-10 22:47:14', '1996-02-11 23:59:09');
INSERT INTO `catalog` (`id`, `name`, `genre_id`, `type_id`, `rating_id`, `country_creation`, `year_creation`, `created_at`, `updated_at`) VALUES (34, 'exercitationem', 4, 1, 34, 'Gibraltar', '1997', '2010-03-16 12:35:37', '1982-06-06 16:43:34');
INSERT INTO `catalog` (`id`, `name`, `genre_id`, `type_id`, `rating_id`, `country_creation`, `year_creation`, `created_at`, `updated_at`) VALUES (35, 'omnis', 5, 2, 35, 'Indonesia', '1991', '2001-03-21 21:22:54', '1972-06-23 10:21:18');
INSERT INTO `catalog` (`id`, `name`, `genre_id`, `type_id`, `rating_id`, `country_creation`, `year_creation`, `created_at`, `updated_at`) VALUES (36, 'beatae', 6, 3, 36, 'Mozambique', '2020', '1982-09-08 08:12:36', '1993-08-03 11:40:58');
INSERT INTO `catalog` (`id`, `name`, `genre_id`, `type_id`, `rating_id`, `country_creation`, `year_creation`, `created_at`, `updated_at`) VALUES (37, 'ea', 7, 1, 37, 'United Kingdom', '2018', '1970-02-26 08:02:42', '1977-07-06 10:52:31');
INSERT INTO `catalog` (`id`, `name`, `genre_id`, `type_id`, `rating_id`, `country_creation`, `year_creation`, `created_at`, `updated_at`) VALUES (38, 'sapiente', 8, 2, 38, 'Greenland', '2005', '2008-09-25 16:47:45', '2014-06-26 02:11:28');
INSERT INTO `catalog` (`id`, `name`, `genre_id`, `type_id`, `rating_id`, `country_creation`, `year_creation`, `created_at`, `updated_at`) VALUES (39, 'molestias', 9, 3, 39, 'Moldova', '1984', '2001-08-03 10:05:04', '1980-02-20 15:46:20');
INSERT INTO `catalog` (`id`, `name`, `genre_id`, `type_id`, `rating_id`, `country_creation`, `year_creation`, `created_at`, `updated_at`) VALUES (40, 'nihil', 10, 1, 40, 'New Caledonia', '2015', '2015-02-20 08:06:47', '2012-03-15 16:47:02');
INSERT INTO `catalog` (`id`, `name`, `genre_id`, `type_id`, `rating_id`, `country_creation`, `year_creation`, `created_at`, `updated_at`) VALUES (41, 'sunt', 1, 2, 41, 'Bangladesh', '1980', '1996-01-30 01:17:42', '1986-04-05 22:31:39');
INSERT INTO `catalog` (`id`, `name`, `genre_id`, `type_id`, `rating_id`, `country_creation`, `year_creation`, `created_at`, `updated_at`) VALUES (42, 'velit', 2, 3, 42, 'Tuvalu', '2018', '2019-01-17 01:21:03', '1976-06-02 16:37:10');
INSERT INTO `catalog` (`id`, `name`, `genre_id`, `type_id`, `rating_id`, `country_creation`, `year_creation`, `created_at`, `updated_at`) VALUES (43, 'labore', 3, 1, 43, 'Burundi', '1990', '2005-09-28 05:06:43', '1992-12-07 10:09:52');
INSERT INTO `catalog` (`id`, `name`, `genre_id`, `type_id`, `rating_id`, `country_creation`, `year_creation`, `created_at`, `updated_at`) VALUES (44, 'dolorem', 4, 2, 44, 'Somalia', '1995', '2002-04-12 04:42:29', '2019-04-27 02:41:33');
INSERT INTO `catalog` (`id`, `name`, `genre_id`, `type_id`, `rating_id`, `country_creation`, `year_creation`, `created_at`, `updated_at`) VALUES (45, 'neque', 5, 3, 45, 'Sri Lanka', '2017', '1973-01-31 02:15:20', '1977-05-06 05:06:49');
INSERT INTO `catalog` (`id`, `name`, `genre_id`, `type_id`, `rating_id`, `country_creation`, `year_creation`, `created_at`, `updated_at`) VALUES (46, 'quasi', 6, 1, 46, 'Burkina Faso', '1986', '2011-01-20 20:50:34', '2020-11-26 00:16:33');
INSERT INTO `catalog` (`id`, `name`, `genre_id`, `type_id`, `rating_id`, `country_creation`, `year_creation`, `created_at`, `updated_at`) VALUES (47, 'expedita', 7, 2, 47, 'Puerto Rico', '2017', '2011-09-17 23:42:47', '2013-03-11 18:13:13');
INSERT INTO `catalog` (`id`, `name`, `genre_id`, `type_id`, `rating_id`, `country_creation`, `year_creation`, `created_at`, `updated_at`) VALUES (48, 'quis', 8, 3, 48, 'Uzbekistan', '1971', '2014-05-13 09:15:59', '1985-04-25 14:34:52');
INSERT INTO `catalog` (`id`, `name`, `genre_id`, `type_id`, `rating_id`, `country_creation`, `year_creation`, `created_at`, `updated_at`) VALUES (49, 'magnam', 9, 1, 49, 'Brazil', '1971', '1981-09-14 11:22:09', '2011-08-23 12:19:42');
INSERT INTO `catalog` (`id`, `name`, `genre_id`, `type_id`, `rating_id`, `country_creation`, `year_creation`, `created_at`, `updated_at`) VALUES (50, 'officiis', 10, 2, 50, 'Macao', '2001', '1976-09-16 11:42:55', '2018-03-27 11:26:00');
INSERT INTO `catalog` (`id`, `name`, `genre_id`, `type_id`, `rating_id`, `country_creation`, `year_creation`, `created_at`, `updated_at`) VALUES (51, 'ipsam', 1, 3, 51, 'El Salvador', '1987', '1996-05-01 07:28:11', '1998-03-13 17:10:15');
INSERT INTO `catalog` (`id`, `name`, `genre_id`, `type_id`, `rating_id`, `country_creation`, `year_creation`, `created_at`, `updated_at`) VALUES (52, 'aspernatur', 2, 1, 52, 'Ethiopia', '1991', '2003-04-15 13:20:28', '2008-01-06 04:30:37');
INSERT INTO `catalog` (`id`, `name`, `genre_id`, `type_id`, `rating_id`, `country_creation`, `year_creation`, `created_at`, `updated_at`) VALUES (53, 'cumque', 3, 2, 53, 'Uruguay', '1975', '1985-04-03 01:02:56', '1996-11-17 00:31:45');
INSERT INTO `catalog` (`id`, `name`, `genre_id`, `type_id`, `rating_id`, `country_creation`, `year_creation`, `created_at`, `updated_at`) VALUES (54, 'doloribus', 4, 3, 54, 'Lesotho', '2001', '2009-10-25 02:56:36', '1987-10-14 10:53:51');
INSERT INTO `catalog` (`id`, `name`, `genre_id`, `type_id`, `rating_id`, `country_creation`, `year_creation`, `created_at`, `updated_at`) VALUES (55, 'laudantium', 5, 1, 55, 'Italy', '2005', '2000-05-17 16:09:17', '2011-01-10 00:59:37');
INSERT INTO `catalog` (`id`, `name`, `genre_id`, `type_id`, `rating_id`, `country_creation`, `year_creation`, `created_at`, `updated_at`) VALUES (56, 'aperiam', 6, 2, 56, 'Togo', '2003', '2007-06-03 23:31:23', '2017-04-05 18:07:34');
INSERT INTO `catalog` (`id`, `name`, `genre_id`, `type_id`, `rating_id`, `country_creation`, `year_creation`, `created_at`, `updated_at`) VALUES (57, 'perspiciatis', 7, 3, 57, 'Argentina', '1978', '2014-07-03 18:01:03', '1993-11-04 20:42:01');
INSERT INTO `catalog` (`id`, `name`, `genre_id`, `type_id`, `rating_id`, `country_creation`, `year_creation`, `created_at`, `updated_at`) VALUES (58, 'corrupti', 8, 1, 58, 'Indonesia', '1975', '1983-02-06 16:06:45', '2003-08-28 04:08:26');
INSERT INTO `catalog` (`id`, `name`, `genre_id`, `type_id`, `rating_id`, `country_creation`, `year_creation`, `created_at`, `updated_at`) VALUES (59, 'nulla', 9, 2, 59, 'Morocco', '2006', '1985-06-22 22:38:49', '1974-09-26 23:52:38');
INSERT INTO `catalog` (`id`, `name`, `genre_id`, `type_id`, `rating_id`, `country_creation`, `year_creation`, `created_at`, `updated_at`) VALUES (60, 'saepe', 10, 3, 60, 'Eritrea', '1982', '1998-01-08 03:21:44', '2006-04-02 10:39:22');
INSERT INTO `catalog` (`id`, `name`, `genre_id`, `type_id`, `rating_id`, `country_creation`, `year_creation`, `created_at`, `updated_at`) VALUES (61, 'totam', 1, 1, 61, 'Algeria', '1991', '2010-09-06 22:08:05', '2003-06-20 01:14:11');
INSERT INTO `catalog` (`id`, `name`, `genre_id`, `type_id`, `rating_id`, `country_creation`, `year_creation`, `created_at`, `updated_at`) VALUES (62, 'dolores', 2, 2, 62, 'Tuvalu', '2000', '1991-02-13 07:36:52', '1990-02-03 16:03:03');
INSERT INTO `catalog` (`id`, `name`, `genre_id`, `type_id`, `rating_id`, `country_creation`, `year_creation`, `created_at`, `updated_at`) VALUES (63, 'repellendus', 3, 3, 63, 'Gabon', '1970', '2014-03-30 18:39:13', '1993-04-19 00:37:36');
INSERT INTO `catalog` (`id`, `name`, `genre_id`, `type_id`, `rating_id`, `country_creation`, `year_creation`, `created_at`, `updated_at`) VALUES (64, 'at', 4, 1, 64, 'United Kingdom', '1980', '2010-08-08 16:41:42', '1974-03-15 04:01:42');
INSERT INTO `catalog` (`id`, `name`, `genre_id`, `type_id`, `rating_id`, `country_creation`, `year_creation`, `created_at`, `updated_at`) VALUES (65, 'hic', 5, 2, 65, 'Israel', '2003', '2003-08-21 21:05:16', '2008-06-16 02:05:19');
INSERT INTO `catalog` (`id`, `name`, `genre_id`, `type_id`, `rating_id`, `country_creation`, `year_creation`, `created_at`, `updated_at`) VALUES (66, 'mollitia', 6, 3, 66, 'Malawi', '1989', '2002-02-17 17:49:23', '1972-01-19 05:42:40');
INSERT INTO `catalog` (`id`, `name`, `genre_id`, `type_id`, `rating_id`, `country_creation`, `year_creation`, `created_at`, `updated_at`) VALUES (67, 'incidunt', 7, 1, 67, 'Marshall Islands', '1982', '1984-08-24 17:32:52', '1985-02-10 08:58:45');
INSERT INTO `catalog` (`id`, `name`, `genre_id`, `type_id`, `rating_id`, `country_creation`, `year_creation`, `created_at`, `updated_at`) VALUES (68, 'id', 8, 2, 68, 'Northern Mariana Islands', '2015', '1984-07-02 17:51:44', '2010-07-09 17:41:42');
INSERT INTO `catalog` (`id`, `name`, `genre_id`, `type_id`, `rating_id`, `country_creation`, `year_creation`, `created_at`, `updated_at`) VALUES (69, 'itaque', 9, 3, 69, 'Luxembourg', '2004', '2018-07-25 03:05:27', '1977-05-04 00:12:18');
INSERT INTO `catalog` (`id`, `name`, `genre_id`, `type_id`, `rating_id`, `country_creation`, `year_creation`, `created_at`, `updated_at`) VALUES (70, 'autem', 10, 1, 70, 'Uzbekistan', '2019', '1975-08-17 07:47:49', '1978-08-23 23:13:48');
INSERT INTO `catalog` (`id`, `name`, `genre_id`, `type_id`, `rating_id`, `country_creation`, `year_creation`, `created_at`, `updated_at`) VALUES (71, 'provident', 1, 2, 71, 'Angola', '2013', '1985-07-14 10:25:38', '1989-10-06 18:13:35');
INSERT INTO `catalog` (`id`, `name`, `genre_id`, `type_id`, `rating_id`, `country_creation`, `year_creation`, `created_at`, `updated_at`) VALUES (72, 'adipisci', 2, 3, 72, 'Isle of Man', '1985', '2017-01-06 22:28:35', '1986-10-04 21:12:49');
INSERT INTO `catalog` (`id`, `name`, `genre_id`, `type_id`, `rating_id`, `country_creation`, `year_creation`, `created_at`, `updated_at`) VALUES (73, 'numquam', 3, 1, 73, 'Uzbekistan', '1986', '1999-03-08 06:20:00', '1998-05-26 09:59:23');
INSERT INTO `catalog` (`id`, `name`, `genre_id`, `type_id`, `rating_id`, `country_creation`, `year_creation`, `created_at`, `updated_at`) VALUES (74, 'in', 4, 2, 74, 'Tokelau', '1991', '2009-05-19 07:45:35', '2020-08-16 07:28:19');
INSERT INTO `catalog` (`id`, `name`, `genre_id`, `type_id`, `rating_id`, `country_creation`, `year_creation`, `created_at`, `updated_at`) VALUES (75, 'voluptatibus', 5, 3, 75, 'Russian Federation', '2002', '1977-07-21 16:18:02', '1970-06-11 08:36:52');
INSERT INTO `catalog` (`id`, `name`, `genre_id`, `type_id`, `rating_id`, `country_creation`, `year_creation`, `created_at`, `updated_at`) VALUES (76, 'dolor', 6, 1, 76, 'Aruba', '1976', '2014-11-24 07:12:36', '1993-02-04 23:51:51');
INSERT INTO `catalog` (`id`, `name`, `genre_id`, `type_id`, `rating_id`, `country_creation`, `year_creation`, `created_at`, `updated_at`) VALUES (77, 'quos', 7, 2, 77, 'Botswana', '2018', '1986-08-08 14:43:22', '1984-02-10 13:32:41');
INSERT INTO `catalog` (`id`, `name`, `genre_id`, `type_id`, `rating_id`, `country_creation`, `year_creation`, `created_at`, `updated_at`) VALUES (78, 'facilis', 8, 3, 78, 'Ukraine', '1994', '2007-10-22 14:40:42', '2012-12-11 15:37:22');
INSERT INTO `catalog` (`id`, `name`, `genre_id`, `type_id`, `rating_id`, `country_creation`, `year_creation`, `created_at`, `updated_at`) VALUES (79, 'pariatur', 9, 1, 79, 'India', '1999', '2008-10-04 03:26:36', '2008-10-04 13:46:31');
INSERT INTO `catalog` (`id`, `name`, `genre_id`, `type_id`, `rating_id`, `country_creation`, `year_creation`, `created_at`, `updated_at`) VALUES (80, 'consequatur', 10, 2, 80, 'Sudan', '2019', '2020-01-03 11:53:38', '1981-08-21 06:34:43');
INSERT INTO `catalog` (`id`, `name`, `genre_id`, `type_id`, `rating_id`, `country_creation`, `year_creation`, `created_at`, `updated_at`) VALUES (81, 'praesentium', 1, 3, 81, 'Portugal', '1997', '1984-09-01 08:40:38', '2020-09-19 05:49:15');
INSERT INTO `catalog` (`id`, `name`, `genre_id`, `type_id`, `rating_id`, `country_creation`, `year_creation`, `created_at`, `updated_at`) VALUES (82, 'vero', 2, 1, 82, 'Jordan', '1989', '2018-03-21 23:55:53', '1996-02-17 14:08:24');
INSERT INTO `catalog` (`id`, `name`, `genre_id`, `type_id`, `rating_id`, `country_creation`, `year_creation`, `created_at`, `updated_at`) VALUES (83, 'temporibus', 3, 2, 83, 'Finland', '1982', '1984-02-26 06:12:55', '1982-12-26 13:25:13');
INSERT INTO `catalog` (`id`, `name`, `genre_id`, `type_id`, `rating_id`, `country_creation`, `year_creation`, `created_at`, `updated_at`) VALUES (84, 'quae', 4, 3, 84, 'Mongolia', '2003', '1994-09-13 22:50:09', '1986-02-21 04:13:40');
INSERT INTO `catalog` (`id`, `name`, `genre_id`, `type_id`, `rating_id`, `country_creation`, `year_creation`, `created_at`, `updated_at`) VALUES (85, 'quisquam', 5, 1, 85, 'Zambia', '1984', '2020-09-26 01:59:29', '1987-06-22 19:23:06');
INSERT INTO `catalog` (`id`, `name`, `genre_id`, `type_id`, `rating_id`, `country_creation`, `year_creation`, `created_at`, `updated_at`) VALUES (86, 'nemo', 6, 2, 86, 'Cayman Islands', '1977', '2019-10-16 17:52:22', '1991-01-24 12:43:17');
INSERT INTO `catalog` (`id`, `name`, `genre_id`, `type_id`, `rating_id`, `country_creation`, `year_creation`, `created_at`, `updated_at`) VALUES (87, 'voluptatum', 7, 3, 87, 'Mali', '1971', '1987-02-14 07:27:23', '2009-08-03 07:00:01');
INSERT INTO `catalog` (`id`, `name`, `genre_id`, `type_id`, `rating_id`, `country_creation`, `year_creation`, `created_at`, `updated_at`) VALUES (88, 'sequi', 8, 1, 88, 'Benin', '1970', '1987-11-11 15:36:42', '1983-02-12 14:27:47');
INSERT INTO `catalog` (`id`, `name`, `genre_id`, `type_id`, `rating_id`, `country_creation`, `year_creation`, `created_at`, `updated_at`) VALUES (89, 'dicta', 9, 2, 89, 'Netherlands', '2009', '1982-12-19 01:01:43', '1978-08-18 18:38:09');
INSERT INTO `catalog` (`id`, `name`, `genre_id`, `type_id`, `rating_id`, `country_creation`, `year_creation`, `created_at`, `updated_at`) VALUES (90, 'assumenda', 10, 3, 90, 'Dominican Republic', '2013', '1999-05-04 19:06:48', '2018-05-23 15:09:19');
INSERT INTO `catalog` (`id`, `name`, `genre_id`, `type_id`, `rating_id`, `country_creation`, `year_creation`, `created_at`, `updated_at`) VALUES (91, 'iure', 1, 1, 91, 'Nauru', '2011', '2006-01-08 13:19:10', '2008-10-04 04:19:36');
INSERT INTO `catalog` (`id`, `name`, `genre_id`, `type_id`, `rating_id`, `country_creation`, `year_creation`, `created_at`, `updated_at`) VALUES (92, 'tenetur', 2, 2, 92, 'Cameroon', '1995', '1973-07-25 00:01:41', '1975-07-27 19:32:28');
INSERT INTO `catalog` (`id`, `name`, `genre_id`, `type_id`, `rating_id`, `country_creation`, `year_creation`, `created_at`, `updated_at`) VALUES (93, 'architecto', 3, 3, 93, 'Guernsey', '1993', '2005-03-14 01:27:29', '1977-05-31 19:00:55');
INSERT INTO `catalog` (`id`, `name`, `genre_id`, `type_id`, `rating_id`, `country_creation`, `year_creation`, `created_at`, `updated_at`) VALUES (94, 'nisi', 4, 1, 94, 'Gabon', '1983', '2014-12-26 18:17:29', '2001-05-03 20:06:17');
INSERT INTO `catalog` (`id`, `name`, `genre_id`, `type_id`, `rating_id`, `country_creation`, `year_creation`, `created_at`, `updated_at`) VALUES (95, 'quas', 5, 2, 95, 'Eritrea', '2017', '1972-03-02 18:59:06', '1994-01-10 10:11:20');
INSERT INTO `catalog` (`id`, `name`, `genre_id`, `type_id`, `rating_id`, `country_creation`, `year_creation`, `created_at`, `updated_at`) VALUES (96, 'accusantium', 6, 3, 96, 'Cyprus', '2008', '1989-02-08 10:47:41', '2013-01-21 19:05:45');
INSERT INTO `catalog` (`id`, `name`, `genre_id`, `type_id`, `rating_id`, `country_creation`, `year_creation`, `created_at`, `updated_at`) VALUES (97, 'inventore', 7, 1, 97, 'Greenland', '2001', '1978-12-26 03:31:51', '2002-06-27 18:13:36');
INSERT INTO `catalog` (`id`, `name`, `genre_id`, `type_id`, `rating_id`, `country_creation`, `year_creation`, `created_at`, `updated_at`) VALUES (98, 'quibusdam', 8, 2, 98, 'Saint Vincent and the Grenadines', '2010', '1999-06-22 01:59:21', '1972-03-12 16:52:30');
INSERT INTO `catalog` (`id`, `name`, `genre_id`, `type_id`, `rating_id`, `country_creation`, `year_creation`, `created_at`, `updated_at`) VALUES (99, 'magni', 9, 3, 99, 'Bermuda', '1989', '2020-09-11 13:57:15', '2014-08-16 18:58:19');
INSERT INTO `catalog` (`id`, `name`, `genre_id`, `type_id`, `rating_id`, `country_creation`, `year_creation`, `created_at`, `updated_at`) VALUES (100, 'illo', 10, 1, 100, 'South Georgia and the South Sandwich Islands', '1992', '2017-10-06 06:02:48', '1981-04-29 11:02:16');


#
# TABLE STRUCTURE FOR: feedback
#

DROP TABLE IF EXISTS `feedback`;

CREATE TABLE `feedback` (
  `user_id` int(10) unsigned NOT NULL COMMENT 'Ссылка на пользователя',
  `catalod_id` int(10) unsigned NOT NULL COMMENT 'Ссылка на каталог',
  `body` text COLLATE utf8mb4_unicode_ci NOT NULL COMMENT 'Текст рецензии',
  `created_at` datetime DEFAULT current_timestamp() COMMENT 'Время создания строки',
  `updated_at` datetime DEFAULT current_timestamp() ON UPDATE current_timestamp() COMMENT 'Время обновления строки',
  PRIMARY KEY (`user_id`)
) ENGINE=InnoDB DEFAULT CHARSET=utf8mb4 COLLATE=utf8mb4_unicode_ci COMMENT='отзывы';

INSERT INTO `feedback` (`user_id`, `catalod_id`, `body`, `created_at`, `updated_at`) VALUES (1, 1, 'A fuga sit non nihil laborum. Assumenda repudiandae eligendi sunt qui cupiditate facilis molestiae. Vel consequuntur aut saepe voluptatem dolores esse.', '2015-10-21 10:01:09', '1973-06-25 22:23:34');
INSERT INTO `feedback` (`user_id`, `catalod_id`, `body`, `created_at`, `updated_at`) VALUES (2, 2, 'Ipsa cum dolores inventore voluptatem culpa quia. Aut numquam saepe eum ut. Necessitatibus dolorem non corporis facere illo itaque. Esse omnis qui itaque est quis.', '2005-09-11 15:21:22', '1991-02-17 20:35:51');
INSERT INTO `feedback` (`user_id`, `catalod_id`, `body`, `created_at`, `updated_at`) VALUES (3, 3, 'Inventore voluptas in ut natus recusandae quis. Et voluptates neque ut repellat sit. Quo sunt ducimus placeat minus sit. Amet explicabo dolorum omnis ea quisquam cupiditate.', '2013-07-31 10:52:05', '1976-12-24 23:42:14');
INSERT INTO `feedback` (`user_id`, `catalod_id`, `body`, `created_at`, `updated_at`) VALUES (4, 4, 'Laudantium similique suscipit ea eum aliquam quaerat. Qui repudiandae minima laboriosam enim aperiam a. Aut veritatis sed incidunt dignissimos dolor dolores. Unde labore tempore voluptatem velit nisi explicabo est.', '2019-06-08 01:13:39', '1977-07-31 15:10:39');
INSERT INTO `feedback` (`user_id`, `catalod_id`, `body`, `created_at`, `updated_at`) VALUES (5, 5, 'Placeat autem vero consequatur voluptas quia impedit repellat consequatur. Qui harum ad temporibus a. Quos qui harum aut voluptatem doloribus repellat eveniet. Quia modi quisquam vitae atque.', '1984-11-08 14:49:52', '1970-11-10 01:17:16');
INSERT INTO `feedback` (`user_id`, `catalod_id`, `body`, `created_at`, `updated_at`) VALUES (6, 6, 'Voluptatum dolorem nostrum eum culpa sit. Non quos veniam vel nesciunt et nulla. Non id non nostrum perferendis. Placeat rerum error velit laboriosam ea. Neque at voluptatem quia rerum assumenda.', '2005-07-20 20:04:05', '2005-09-23 02:49:56');
INSERT INTO `feedback` (`user_id`, `catalod_id`, `body`, `created_at`, `updated_at`) VALUES (7, 7, 'Sed veritatis magnam ratione vel porro voluptas in. Sit dolore ea minus adipisci cumque nesciunt. Numquam sed nostrum sint vel omnis sint fugit.', '2009-02-24 09:01:28', '1972-08-05 08:19:28');
INSERT INTO `feedback` (`user_id`, `catalod_id`, `body`, `created_at`, `updated_at`) VALUES (8, 8, 'Tempora tempore placeat quae sint sunt soluta ex voluptatem. Ad unde eius repellendus magnam. Minus fuga asperiores rerum iusto molestiae consequuntur.', '2014-04-23 07:50:34', '2011-01-21 05:53:53');
INSERT INTO `feedback` (`user_id`, `catalod_id`, `body`, `created_at`, `updated_at`) VALUES (9, 9, 'Nobis aut sunt sed enim commodi corrupti nemo. Ut repellendus suscipit fuga quod sit deleniti. Ullam omnis optio ullam est vitae ea.', '1998-01-19 04:50:26', '2015-03-28 11:20:04');
INSERT INTO `feedback` (`user_id`, `catalod_id`, `body`, `created_at`, `updated_at`) VALUES (10, 10, 'Inventore ab quidem aperiam aspernatur. Amet aut et et nostrum. Officia repellendus ab corrupti voluptas iste iste distinctio. Quo dolore cum ducimus dolorem.', '2016-10-20 07:20:46', '1979-11-08 21:21:36');
INSERT INTO `feedback` (`user_id`, `catalod_id`, `body`, `created_at`, `updated_at`) VALUES (11, 11, 'Est sunt omnis exercitationem aperiam dolor. Nostrum labore iste ab quis. Vitae aliquid rem iste tempore distinctio libero delectus. Voluptatum modi id temporibus rerum.', '1976-01-16 00:04:40', '1991-06-22 04:40:43');
INSERT INTO `feedback` (`user_id`, `catalod_id`, `body`, `created_at`, `updated_at`) VALUES (12, 12, 'Ab quae sapiente eum quas corrupti qui quis. Illo molestias magni sit rerum facilis. Laborum sunt ut quaerat blanditiis dolorem error accusantium.', '1970-02-03 20:45:28', '2007-12-16 00:59:43');
INSERT INTO `feedback` (`user_id`, `catalod_id`, `body`, `created_at`, `updated_at`) VALUES (13, 13, 'Necessitatibus eligendi aut cupiditate rem quod voluptatem. Expedita non illum in corrupti. Est numquam et voluptas.', '1971-07-25 00:23:48', '1996-10-01 09:43:46');
INSERT INTO `feedback` (`user_id`, `catalod_id`, `body`, `created_at`, `updated_at`) VALUES (14, 14, 'Ex quo consectetur vero ab accusantium. Velit ea autem quisquam aut. Aliquid eaque vero magnam non doloremque.', '2014-08-26 16:33:01', '1987-07-03 11:29:22');
INSERT INTO `feedback` (`user_id`, `catalod_id`, `body`, `created_at`, `updated_at`) VALUES (15, 15, 'Corporis deleniti quia sequi et tenetur repellat autem. Dolor rem consequatur delectus rerum. Velit dolorem error consequatur rem. Rerum ullam eum aut. Soluta quis est aut deserunt sint quod ut.', '2010-12-04 18:34:09', '2003-06-13 04:30:45');
INSERT INTO `feedback` (`user_id`, `catalod_id`, `body`, `created_at`, `updated_at`) VALUES (16, 16, 'Non perferendis dolorem dolor cumque sequi et. Ducimus ducimus occaecati provident aperiam. Neque unde vitae ab dicta iste. Voluptatem nobis quia iste sunt velit voluptatum placeat.', '2003-12-12 10:46:52', '2004-05-28 01:29:18');
INSERT INTO `feedback` (`user_id`, `catalod_id`, `body`, `created_at`, `updated_at`) VALUES (17, 17, 'Saepe in ipsam ex ad omnis nobis. Eveniet iste placeat nisi officiis officiis illo eos. Nemo dignissimos debitis sint id. Voluptas sapiente et dicta dolores amet non quia nisi.', '2021-01-04 16:23:14', '2021-01-15 10:58:59');
INSERT INTO `feedback` (`user_id`, `catalod_id`, `body`, `created_at`, `updated_at`) VALUES (18, 18, 'Laudantium omnis natus sed. Modi id et earum commodi. Illum optio eaque expedita officiis. Debitis sint et in molestias a aut temporibus.', '1995-08-28 18:36:24', '2018-04-15 08:46:14');
INSERT INTO `feedback` (`user_id`, `catalod_id`, `body`, `created_at`, `updated_at`) VALUES (19, 19, 'Vel sequi deserunt numquam tempore nostrum alias. Culpa ea architecto quae esse sapiente reiciendis. Facere aliquam et enim beatae. Voluptatibus autem saepe dicta autem voluptatem aut ab.', '1988-02-11 15:56:43', '2016-03-16 20:14:46');
INSERT INTO `feedback` (`user_id`, `catalod_id`, `body`, `created_at`, `updated_at`) VALUES (20, 20, 'Eius et neque sequi laboriosam sint odio iste. Voluptatem illum non necessitatibus explicabo voluptas et nostrum. Aut quos iure quis voluptatem deserunt deserunt id.', '2005-12-19 16:37:51', '1976-03-26 15:21:07');
INSERT INTO `feedback` (`user_id`, `catalod_id`, `body`, `created_at`, `updated_at`) VALUES (21, 21, 'Ducimus facere eaque aut consequatur odio. Blanditiis assumenda labore asperiores sunt sequi dolor. Quaerat voluptatem in eos a rerum.', '2020-03-30 03:37:23', '2005-04-01 08:14:00');
INSERT INTO `feedback` (`user_id`, `catalod_id`, `body`, `created_at`, `updated_at`) VALUES (22, 22, 'Hic consequatur sit fugit reiciendis eos distinctio dolor. Laboriosam tenetur voluptas rerum consequatur ut eum sint. Tempore totam corporis ipsa unde quam. Et sit numquam eius eos dolores fugiat sed.', '1983-12-01 18:53:08', '2014-02-24 09:53:46');
INSERT INTO `feedback` (`user_id`, `catalod_id`, `body`, `created_at`, `updated_at`) VALUES (23, 23, 'Consequatur reprehenderit et animi maxime dolores numquam. Asperiores ut et deleniti. Amet quidem sequi quasi qui impedit. Dolor quasi dolores libero ipsum.', '2018-08-26 17:09:24', '2007-08-24 02:55:30');
INSERT INTO `feedback` (`user_id`, `catalod_id`, `body`, `created_at`, `updated_at`) VALUES (24, 24, 'Officiis quam cumque sunt consequuntur non quae. Sequi inventore at autem est dolores ut est. Qui modi eius tenetur maiores. Quas quia aut quis repellat dolorem.', '2019-11-09 02:17:31', '1986-07-04 18:16:16');
INSERT INTO `feedback` (`user_id`, `catalod_id`, `body`, `created_at`, `updated_at`) VALUES (25, 25, 'Accusantium possimus aperiam voluptatem cumque. Harum enim voluptatem earum occaecati aut illo. Ratione iusto molestiae et.', '1987-05-05 15:02:28', '1971-05-08 08:13:04');
INSERT INTO `feedback` (`user_id`, `catalod_id`, `body`, `created_at`, `updated_at`) VALUES (26, 26, 'Quasi in velit impedit laboriosam cumque pariatur fugit. Voluptatibus quia nihil quisquam et libero. Odit odit neque aut saepe repudiandae porro.', '2003-04-27 18:17:55', '1996-02-06 05:01:11');
INSERT INTO `feedback` (`user_id`, `catalod_id`, `body`, `created_at`, `updated_at`) VALUES (27, 27, 'Fuga sunt rerum magni corporis. Laudantium molestiae ut id natus rerum.', '2002-03-05 10:55:43', '1993-08-29 05:35:10');
INSERT INTO `feedback` (`user_id`, `catalod_id`, `body`, `created_at`, `updated_at`) VALUES (28, 28, 'Corporis odit velit illum. Laborum corrupti neque sequi iure. Odio porro atque ut deserunt.', '1999-10-20 16:22:59', '2012-01-01 04:55:15');
INSERT INTO `feedback` (`user_id`, `catalod_id`, `body`, `created_at`, `updated_at`) VALUES (29, 29, 'Debitis eveniet exercitationem aperiam dolores. Laborum odit aut voluptate rerum. Neque quod aut quaerat itaque mollitia laudantium. Suscipit asperiores placeat eaque sed maxime corporis iure aliquid.', '2004-04-22 00:42:20', '2011-03-30 15:04:59');
INSERT INTO `feedback` (`user_id`, `catalod_id`, `body`, `created_at`, `updated_at`) VALUES (30, 30, 'Dolores ex provident dicta et molestias. Eveniet quae illum et rem vel. A incidunt ut velit molestias labore. Aspernatur quia mollitia eos a.', '1978-12-11 22:16:43', '2014-04-11 11:39:18');
INSERT INTO `feedback` (`user_id`, `catalod_id`, `body`, `created_at`, `updated_at`) VALUES (31, 31, 'Possimus quo laudantium nihil voluptatem. Porro pariatur provident esse cum mollitia. Suscipit sint eveniet possimus aut adipisci accusamus.', '1998-08-01 20:14:18', '1986-03-20 16:44:14');
INSERT INTO `feedback` (`user_id`, `catalod_id`, `body`, `created_at`, `updated_at`) VALUES (32, 32, 'Autem eos maxime adipisci repellat nostrum rerum veniam. Pariatur quia accusamus et. Inventore autem quibusdam aut. Ut provident vero sit accusantium. Odit aut voluptas unde voluptates non nisi et labore.', '2015-12-30 20:32:41', '1982-12-27 08:00:32');
INSERT INTO `feedback` (`user_id`, `catalod_id`, `body`, `created_at`, `updated_at`) VALUES (33, 33, 'Voluptatem voluptates similique placeat exercitationem. Iure cupiditate eveniet adipisci voluptatibus itaque. Voluptatem velit placeat animi enim repudiandae.', '1992-05-30 23:10:17', '2006-05-30 08:43:22');
INSERT INTO `feedback` (`user_id`, `catalod_id`, `body`, `created_at`, `updated_at`) VALUES (34, 34, 'Esse quia tenetur suscipit asperiores illum. Odio consequuntur provident ea saepe iste voluptas numquam.', '1979-11-20 11:26:10', '1975-03-20 12:54:09');
INSERT INTO `feedback` (`user_id`, `catalod_id`, `body`, `created_at`, `updated_at`) VALUES (35, 35, 'Quo atque recusandae et perspiciatis eum et laudantium aperiam. Ratione rerum eligendi incidunt autem odit. Voluptates a minus vitae eaque voluptas et amet.', '2005-09-11 17:31:19', '1971-11-30 11:31:42');
INSERT INTO `feedback` (`user_id`, `catalod_id`, `body`, `created_at`, `updated_at`) VALUES (36, 36, 'Dolor tempora porro id voluptate. Fugiat quibusdam deserunt recusandae. Quasi dignissimos voluptas ut natus voluptatum vel sunt quia.', '1981-05-31 15:20:39', '1981-09-05 02:24:55');
INSERT INTO `feedback` (`user_id`, `catalod_id`, `body`, `created_at`, `updated_at`) VALUES (37, 37, 'Porro voluptatem maxime dolor eligendi qui. Ut sequi vitae eum sit. Saepe aperiam omnis qui soluta optio sed dolor sapiente.', '1977-11-14 01:21:45', '1980-10-30 07:22:38');
INSERT INTO `feedback` (`user_id`, `catalod_id`, `body`, `created_at`, `updated_at`) VALUES (38, 38, 'Laborum voluptatem autem blanditiis sed quis voluptates. Fugiat ratione magnam perferendis nemo. A ut facere accusantium est voluptatibus eum aspernatur. Debitis doloribus voluptatem velit.', '1983-09-23 06:41:26', '1988-05-15 03:41:24');
INSERT INTO `feedback` (`user_id`, `catalod_id`, `body`, `created_at`, `updated_at`) VALUES (39, 39, 'Adipisci delectus aut ut aut. Velit esse et illo unde sit odit.', '2017-11-21 11:36:21', '2011-02-20 17:02:08');
INSERT INTO `feedback` (`user_id`, `catalod_id`, `body`, `created_at`, `updated_at`) VALUES (40, 40, 'Dolores dolores enim cupiditate. Soluta et explicabo in. Magni ut dignissimos voluptates.', '1996-03-31 23:28:40', '1996-09-08 06:35:16');
INSERT INTO `feedback` (`user_id`, `catalod_id`, `body`, `created_at`, `updated_at`) VALUES (41, 41, 'Non velit tempora tempore maiores nihil voluptatem eius. Assumenda eaque est officia mollitia temporibus. Et deleniti tenetur officiis ea et aperiam eos. Ullam ullam autem pariatur quia inventore vitae.', '2000-03-20 07:33:48', '1982-07-06 05:37:01');
INSERT INTO `feedback` (`user_id`, `catalod_id`, `body`, `created_at`, `updated_at`) VALUES (42, 42, 'Consequatur hic quos repellat sed nisi. Ipsum consequatur maxime animi deleniti consequatur cumque. Ullam numquam est quia est vel vitae voluptates ut. Esse aspernatur et natus praesentium et amet reiciendis.', '1975-03-24 00:08:37', '1981-08-25 18:56:38');
INSERT INTO `feedback` (`user_id`, `catalod_id`, `body`, `created_at`, `updated_at`) VALUES (43, 43, 'Aut sint saepe optio autem molestias aperiam. Et eos enim iusto. Corrupti eos impedit architecto labore. Et dolor nihil mollitia doloremque animi. Voluptatem optio consequuntur incidunt amet mollitia qui autem.', '1982-11-24 19:44:28', '2020-04-24 05:03:01');
INSERT INTO `feedback` (`user_id`, `catalod_id`, `body`, `created_at`, `updated_at`) VALUES (44, 44, 'Minus blanditiis quidem cumque ea similique amet ut. Facere dignissimos earum qui illum ipsam tempora. Doloribus quia deleniti optio iusto minima.', '1973-02-24 11:38:09', '1976-09-11 02:07:38');
INSERT INTO `feedback` (`user_id`, `catalod_id`, `body`, `created_at`, `updated_at`) VALUES (45, 45, 'Aut veniam temporibus tempora possimus et id rerum. Quia repellat minima magnam quos ab impedit. Sed est sunt sint animi quia accusantium quaerat.', '1989-10-29 19:48:30', '1995-11-24 01:39:29');
INSERT INTO `feedback` (`user_id`, `catalod_id`, `body`, `created_at`, `updated_at`) VALUES (46, 46, 'Eos quod dolorum placeat ea. Ipsum perspiciatis cumque molestias incidunt omnis saepe. Beatae quidem voluptatem cumque commodi ut quas quaerat.', '1990-09-09 18:35:54', '1994-01-20 00:32:18');
INSERT INTO `feedback` (`user_id`, `catalod_id`, `body`, `created_at`, `updated_at`) VALUES (47, 47, 'Libero sint deleniti maiores molestias quia quia. Suscipit aut facilis voluptas velit omnis voluptatem. Voluptatum iste voluptatem rerum inventore quia praesentium debitis.', '1977-10-28 22:40:46', '1975-10-27 22:43:36');
INSERT INTO `feedback` (`user_id`, `catalod_id`, `body`, `created_at`, `updated_at`) VALUES (48, 48, 'Saepe dolorum tempora sed dolor. In consequatur dignissimos optio est. Fugit ab perferendis minima. Enim autem autem molestiae dolores architecto voluptatem aut. Soluta eum magni quod laboriosam cum.', '1971-12-25 00:00:35', '2019-12-13 00:33:12');
INSERT INTO `feedback` (`user_id`, `catalod_id`, `body`, `created_at`, `updated_at`) VALUES (49, 49, 'Eos officia quo adipisci voluptate dolor fugit voluptatem. Nihil omnis est aliquam aperiam quis suscipit est. Assumenda laudantium voluptas eligendi molestiae est molestias.', '1976-11-08 21:34:29', '1995-11-01 04:35:32');
INSERT INTO `feedback` (`user_id`, `catalod_id`, `body`, `created_at`, `updated_at`) VALUES (50, 50, 'Laudantium debitis culpa architecto et. Qui sit accusamus magnam mollitia reiciendis. Sed iure autem est temporibus expedita animi omnis. Quia et ab mollitia et. Nihil velit voluptatum deleniti voluptas veritatis deserunt et.', '2015-09-27 08:54:53', '2006-04-15 21:14:28');


#
# TABLE STRUCTURE FOR: format
#

DROP TABLE IF EXISTS `format`;

CREATE TABLE `format` (
  `id` int(10) unsigned NOT NULL AUTO_INCREMENT COMMENT 'Идентификатор строки',
  `name_format` varchar(255) COLLATE utf8mb4_unicode_ci NOT NULL COMMENT 'Название ',
  `created_at` datetime DEFAULT current_timestamp() COMMENT 'Время создания строки',
  `updated_at` datetime DEFAULT current_timestamp() ON UPDATE current_timestamp() COMMENT 'Время обновления строки',
  PRIMARY KEY (`id`),
  UNIQUE KEY `name_format` (`name_format`)
) ENGINE=InnoDB AUTO_INCREMENT=4 DEFAULT CHARSET=utf8mb4 COLLATE=utf8mb4_unicode_ci COMMENT='форматы';

INSERT INTO `format` (`id`, `name_format`, `created_at`, `updated_at`) VALUES (1, 'HD', '2007-12-02 00:09:25', '2010-01-05 06:06:18');
INSERT INTO `format` (`id`, `name_format`, `created_at`, `updated_at`) VALUES (2, ' 1080', '1995-06-16 07:55:33', '2011-03-18 09:47:18');
INSERT INTO `format` (`id`, `name_format`, `created_at`, `updated_at`) VALUES (3, ' 720', '2008-08-02 11:57:32', '2007-04-28 15:20:28');


#
# TABLE STRUCTURE FOR: genre
#

DROP TABLE IF EXISTS `genre`;

CREATE TABLE `genre` (
  `id` int(10) unsigned NOT NULL AUTO_INCREMENT COMMENT 'Идентификатор строки',
  `name_genre` varchar(255) COLLATE utf8mb4_unicode_ci NOT NULL COMMENT 'Название жанра',
  `created_at` datetime DEFAULT current_timestamp() COMMENT 'Время создания строки',
  `updated_at` datetime DEFAULT current_timestamp() ON UPDATE current_timestamp() COMMENT 'Время обновления строки',
  PRIMARY KEY (`id`),
  UNIQUE KEY `name_genre` (`name_genre`)
) ENGINE=InnoDB AUTO_INCREMENT=11 DEFAULT CHARSET=utf8mb4 COLLATE=utf8mb4_unicode_ci COMMENT='название жанров';

INSERT INTO `genre` (`id`, `name_genre`, `created_at`, `updated_at`) VALUES (1, ' historical', '1978-05-30 13:48:47', '1977-12-11 18:31:35');
INSERT INTO `genre` (`id`, `name_genre`, `created_at`, `updated_at`) VALUES (2, ' drama', '1991-06-19 09:05:14', '1976-09-20 10:54:26');
INSERT INTO `genre` (`id`, `name_genre`, `created_at`, `updated_at`) VALUES (3, ' adventures', '1990-05-17 03:30:20', '2017-07-15 14:55:27');
INSERT INTO `genre` (`id`, `name_genre`, `created_at`, `updated_at`) VALUES (4, ' for children', '2020-02-01 15:09:45', '2011-09-12 22:54:14');
INSERT INTO `genre` (`id`, `name_genre`, `created_at`, `updated_at`) VALUES (5, ' music videos', '1988-08-03 11:17:12', '1990-05-21 11:39:20');
INSERT INTO `genre` (`id`, `name_genre`, `created_at`, `updated_at`) VALUES (6, ' family', '2005-11-01 19:36:37', '2017-02-06 13:45:06');
INSERT INTO `genre` (`id`, `name_genre`, `created_at`, `updated_at`) VALUES (7, ' horror', '1993-01-29 18:35:23', '1981-05-19 13:09:52');
INSERT INTO `genre` (`id`, `name_genre`, `created_at`, `updated_at`) VALUES (8, ' detectives', '1989-12-17 17:23:32', '1993-06-11 20:59:12');
INSERT INTO `genre` (`id`, `name_genre`, `created_at`, `updated_at`) VALUES (9, 'comedy', '2011-05-03 04:59:03', '1981-02-21 02:06:06');
INSERT INTO `genre` (`id`, `name_genre`, `created_at`, `updated_at`) VALUES (10, ' thrillers', '2006-04-04 01:23:08', '1981-05-26 12:37:59');


#
# TABLE STRUCTURE FOR: profiles
#

DROP TABLE IF EXISTS `profiles`;

CREATE TABLE `profiles` (
  `user_id` int(10) unsigned NOT NULL COMMENT 'Ссылка на пользователя',
  `gender` char(1) COLLATE utf8mb4_unicode_ci NOT NULL COMMENT 'Пол',
  `birthday` date DEFAULT NULL COMMENT 'Дата рождения',
  `city` varchar(130) COLLATE utf8mb4_unicode_ci DEFAULT NULL COMMENT 'Город проживания',
  `country` varchar(130) COLLATE utf8mb4_unicode_ci DEFAULT NULL COMMENT 'Страна проживания',
  `subscription_id` int(10) unsigned NOT NULL COMMENT 'Ссылка на тип подписки',
  `last_login` datetime DEFAULT NULL COMMENT 'Последний вход в систему',
  `created_at` datetime DEFAULT current_timestamp() COMMENT 'Время создания строки',
  `updated_at` datetime DEFAULT current_timestamp() ON UPDATE current_timestamp() COMMENT 'Время обновления строки',
  PRIMARY KEY (`user_id`)
) ENGINE=InnoDB DEFAULT CHARSET=utf8mb4 COLLATE=utf8mb4_unicode_ci COMMENT='Профили';

INSERT INTO `profiles` (`user_id`, `gender`, `birthday`, `city`, `country`, `subscription_id`, `last_login`, `created_at`, `updated_at`) VALUES (1, 'm', '1985-01-16', 'Makennabury', 'Togo', 1, '2015-03-14 11:32:14', '2003-07-31 04:25:10', '2020-12-03 10:10:28');
INSERT INTO `profiles` (`user_id`, `gender`, `birthday`, `city`, `country`, `subscription_id`, `last_login`, `created_at`, `updated_at`) VALUES (2, '', '1998-10-27', 'Lake Darrionchester', 'Gabon', 2, '2018-02-22 13:22:37', '2016-12-05 17:43:23', '2017-02-02 19:57:00');
INSERT INTO `profiles` (`user_id`, `gender`, `birthday`, `city`, `country`, `subscription_id`, `last_login`, `created_at`, `updated_at`) VALUES (3, '', '1999-07-17', 'Lake Altaview', 'Azerbaijan', 3, '1970-06-28 04:24:07', '2006-10-28 08:42:11', '2018-05-05 23:46:14');
INSERT INTO `profiles` (`user_id`, `gender`, `birthday`, `city`, `country`, `subscription_id`, `last_login`, `created_at`, `updated_at`) VALUES (4, 'm', '1979-05-23', 'D\'angelomouth', 'Cook Islands', 4, '1986-03-14 03:32:27', '1992-02-13 14:26:24', '1984-12-17 14:43:18');
INSERT INTO `profiles` (`user_id`, `gender`, `birthday`, `city`, `country`, `subscription_id`, `last_login`, `created_at`, `updated_at`) VALUES (5, 'm', '1974-06-12', 'Port Colby', 'Nicaragua', 5, '2015-07-02 11:19:32', '1988-01-18 04:19:30', '2013-01-28 17:23:45');
INSERT INTO `profiles` (`user_id`, `gender`, `birthday`, `city`, `country`, `subscription_id`, `last_login`, `created_at`, `updated_at`) VALUES (6, '', '2012-03-18', 'Dooleyton', 'Switzerland', 1, '2011-08-29 10:37:05', '1975-07-06 03:17:15', '2018-04-02 04:30:57');
INSERT INTO `profiles` (`user_id`, `gender`, `birthday`, `city`, `country`, `subscription_id`, `last_login`, `created_at`, `updated_at`) VALUES (7, '', '2012-05-03', 'West Natashaberg', 'Cyprus', 2, '2014-10-24 20:24:17', '1977-01-19 20:15:56', '1977-10-14 23:28:16');
INSERT INTO `profiles` (`user_id`, `gender`, `birthday`, `city`, `country`, `subscription_id`, `last_login`, `created_at`, `updated_at`) VALUES (8, '', '2012-03-03', 'Nienowmouth', 'Poland', 3, '1987-11-10 01:46:18', '2007-01-15 07:09:04', '2019-02-03 16:53:26');
INSERT INTO `profiles` (`user_id`, `gender`, `birthday`, `city`, `country`, `subscription_id`, `last_login`, `created_at`, `updated_at`) VALUES (9, 'm', '2019-01-23', 'Aldenfort', 'Togo', 4, '2000-04-29 07:50:26', '1988-04-15 03:20:13', '2017-02-26 05:36:28');
INSERT INTO `profiles` (`user_id`, `gender`, `birthday`, `city`, `country`, `subscription_id`, `last_login`, `created_at`, `updated_at`) VALUES (10, 'm', '2007-05-06', 'Electaborough', 'Andorra', 5, '1985-12-28 20:53:03', '1971-09-08 00:23:18', '2018-05-15 05:24:46');
INSERT INTO `profiles` (`user_id`, `gender`, `birthday`, `city`, `country`, `subscription_id`, `last_login`, `created_at`, `updated_at`) VALUES (11, '', '1993-10-14', 'Hermanburgh', 'Kyrgyz Republic', 1, '2013-10-02 16:51:50', '2016-09-24 21:54:27', '2015-12-28 22:26:26');
INSERT INTO `profiles` (`user_id`, `gender`, `birthday`, `city`, `country`, `subscription_id`, `last_login`, `created_at`, `updated_at`) VALUES (12, '', '2015-11-21', 'Derrickland', 'Argentina', 2, '1994-05-08 12:36:48', '1998-09-23 09:38:18', '1987-11-10 00:51:48');
INSERT INTO `profiles` (`user_id`, `gender`, `birthday`, `city`, `country`, `subscription_id`, `last_login`, `created_at`, `updated_at`) VALUES (13, 'm', '1996-09-19', 'Carmenhaven', 'Peru', 3, '1973-12-21 01:51:30', '1977-02-17 05:54:09', '1998-09-09 07:36:06');
INSERT INTO `profiles` (`user_id`, `gender`, `birthday`, `city`, `country`, `subscription_id`, `last_login`, `created_at`, `updated_at`) VALUES (14, 'm', '2020-02-21', 'Cleoview', 'Zambia', 4, '2004-03-16 18:12:55', '1993-04-21 08:59:56', '2014-03-03 03:09:20');
INSERT INTO `profiles` (`user_id`, `gender`, `birthday`, `city`, `country`, `subscription_id`, `last_login`, `created_at`, `updated_at`) VALUES (15, '', '1979-05-16', 'Sonyahaven', 'Seychelles', 5, '2006-06-26 09:11:26', '1981-07-07 01:48:21', '1976-08-15 11:35:17');
INSERT INTO `profiles` (`user_id`, `gender`, `birthday`, `city`, `country`, `subscription_id`, `last_login`, `created_at`, `updated_at`) VALUES (16, '', '1970-02-12', 'New Aida', 'Togo', 1, '1994-05-23 05:37:24', '1998-05-10 16:35:41', '1972-01-18 02:56:28');
INSERT INTO `profiles` (`user_id`, `gender`, `birthday`, `city`, `country`, `subscription_id`, `last_login`, `created_at`, `updated_at`) VALUES (17, 'm', '2010-11-09', 'South Isadore', 'Rwanda', 2, '2006-09-29 18:56:54', '2004-05-25 15:25:04', '1996-08-16 20:54:01');
INSERT INTO `profiles` (`user_id`, `gender`, `birthday`, `city`, `country`, `subscription_id`, `last_login`, `created_at`, `updated_at`) VALUES (18, 'm', '1975-09-08', 'Nienowside', 'Mali', 3, '1974-03-30 11:59:14', '2006-08-29 02:32:14', '1995-08-30 19:17:43');
INSERT INTO `profiles` (`user_id`, `gender`, `birthday`, `city`, `country`, `subscription_id`, `last_login`, `created_at`, `updated_at`) VALUES (19, 'm', '2004-10-18', 'Port Mohammadview', 'Luxembourg', 4, '1977-10-26 06:26:34', '2020-05-07 00:34:29', '1986-07-18 21:41:15');
INSERT INTO `profiles` (`user_id`, `gender`, `birthday`, `city`, `country`, `subscription_id`, `last_login`, `created_at`, `updated_at`) VALUES (20, 'm', '2012-07-14', 'North Josianeborough', 'Tunisia', 5, '2020-03-17 19:04:55', '1986-01-03 23:23:42', '2006-11-07 20:38:43');
INSERT INTO `profiles` (`user_id`, `gender`, `birthday`, `city`, `country`, `subscription_id`, `last_login`, `created_at`, `updated_at`) VALUES (21, '', '2006-07-16', 'Lake Katharina', 'Albania', 1, '1991-04-11 19:19:20', '1991-01-19 06:11:20', '2021-02-14 03:06:42');
INSERT INTO `profiles` (`user_id`, `gender`, `birthday`, `city`, `country`, `subscription_id`, `last_login`, `created_at`, `updated_at`) VALUES (22, '', '1992-12-05', 'Fordland', 'Nicaragua', 2, '2005-05-14 16:24:33', '2003-04-25 19:54:57', '1986-10-15 15:14:05');
INSERT INTO `profiles` (`user_id`, `gender`, `birthday`, `city`, `country`, `subscription_id`, `last_login`, `created_at`, `updated_at`) VALUES (23, '', '2017-06-18', 'Wymanland', 'Jersey', 3, '1984-10-05 19:22:14', '2012-09-14 20:01:21', '2003-06-01 20:52:31');
INSERT INTO `profiles` (`user_id`, `gender`, `birthday`, `city`, `country`, `subscription_id`, `last_login`, `created_at`, `updated_at`) VALUES (24, 'm', '1979-12-28', 'New Melvina', 'Puerto Rico', 4, '2005-12-25 09:42:26', '1980-11-18 21:40:08', '1995-02-02 21:34:49');
INSERT INTO `profiles` (`user_id`, `gender`, `birthday`, `city`, `country`, `subscription_id`, `last_login`, `created_at`, `updated_at`) VALUES (25, 'm', '2001-05-23', 'Schmelerville', 'Oman', 5, '1978-06-03 17:29:36', '1991-08-09 08:29:55', '1981-12-30 12:44:39');
INSERT INTO `profiles` (`user_id`, `gender`, `birthday`, `city`, `country`, `subscription_id`, `last_login`, `created_at`, `updated_at`) VALUES (26, '', '1983-06-18', 'East Orion', 'Guadeloupe', 1, '2009-04-02 20:39:45', '1985-01-19 14:39:55', '1985-10-22 02:38:58');
INSERT INTO `profiles` (`user_id`, `gender`, `birthday`, `city`, `country`, `subscription_id`, `last_login`, `created_at`, `updated_at`) VALUES (27, '', '1990-05-05', 'Framistad', 'Greenland', 2, '1991-07-07 03:55:00', '1980-04-08 08:24:49', '2004-02-17 12:07:29');
INSERT INTO `profiles` (`user_id`, `gender`, `birthday`, `city`, `country`, `subscription_id`, `last_login`, `created_at`, `updated_at`) VALUES (28, 'm', '1987-02-25', 'Framistad', 'Croatia', 3, '2007-08-02 00:47:52', '1978-08-21 07:27:02', '1995-07-14 09:58:49');
INSERT INTO `profiles` (`user_id`, `gender`, `birthday`, `city`, `country`, `subscription_id`, `last_login`, `created_at`, `updated_at`) VALUES (29, 'm', '1974-07-15', 'North Mikaylabury', 'Nepal', 4, '2011-05-01 16:32:35', '1996-11-04 12:51:20', '1977-09-30 20:56:47');
INSERT INTO `profiles` (`user_id`, `gender`, `birthday`, `city`, `country`, `subscription_id`, `last_login`, `created_at`, `updated_at`) VALUES (30, '', '2001-05-21', 'Stiedemannberg', 'Montserrat', 5, '1984-09-26 03:38:47', '1970-03-01 04:54:02', '2020-12-10 06:15:51');
INSERT INTO `profiles` (`user_id`, `gender`, `birthday`, `city`, `country`, `subscription_id`, `last_login`, `created_at`, `updated_at`) VALUES (31, 'm', '2010-06-29', 'Johnsmouth', 'Austria', 1, '1983-10-23 16:09:40', '1989-02-17 05:01:36', '2007-03-05 20:05:55');
INSERT INTO `profiles` (`user_id`, `gender`, `birthday`, `city`, `country`, `subscription_id`, `last_login`, `created_at`, `updated_at`) VALUES (32, '', '2011-08-07', 'East Justinaport', 'Japan', 2, '2020-07-23 05:42:20', '1976-01-12 23:35:31', '2003-09-07 23:32:30');
INSERT INTO `profiles` (`user_id`, `gender`, `birthday`, `city`, `country`, `subscription_id`, `last_login`, `created_at`, `updated_at`) VALUES (33, 'm', '2017-12-23', 'Boganfurt', 'Kazakhstan', 3, '1987-10-12 07:43:15', '1977-08-05 15:35:01', '1976-08-16 20:59:05');
INSERT INTO `profiles` (`user_id`, `gender`, `birthday`, `city`, `country`, `subscription_id`, `last_login`, `created_at`, `updated_at`) VALUES (34, 'm', '2017-01-20', 'Gayletown', 'Jamaica', 4, '1999-11-14 03:39:07', '1988-03-29 18:31:55', '2016-11-16 11:30:51');
INSERT INTO `profiles` (`user_id`, `gender`, `birthday`, `city`, `country`, `subscription_id`, `last_login`, `created_at`, `updated_at`) VALUES (35, 'm', '1979-11-09', 'North Palma', 'Cayman Islands', 5, '2020-09-17 06:43:08', '2008-06-09 16:23:46', '2003-08-29 21:42:29');
INSERT INTO `profiles` (`user_id`, `gender`, `birthday`, `city`, `country`, `subscription_id`, `last_login`, `created_at`, `updated_at`) VALUES (36, '', '2016-01-24', 'Elouisefurt', 'Uganda', 1, '1995-02-23 17:15:12', '2014-07-07 20:45:20', '1970-02-09 00:21:09');
INSERT INTO `profiles` (`user_id`, `gender`, `birthday`, `city`, `country`, `subscription_id`, `last_login`, `created_at`, `updated_at`) VALUES (37, '', '1981-01-19', 'North Vidalhaven', 'Russian Federation', 2, '1987-03-20 13:16:31', '2020-01-29 03:25:53', '1986-02-12 11:09:08');
INSERT INTO `profiles` (`user_id`, `gender`, `birthday`, `city`, `country`, `subscription_id`, `last_login`, `created_at`, `updated_at`) VALUES (38, '', '1972-06-11', 'Emilianotown', 'Cote d\'Ivoire', 3, '2017-09-04 21:49:50', '2013-01-30 16:37:47', '1976-03-20 16:00:00');
INSERT INTO `profiles` (`user_id`, `gender`, `birthday`, `city`, `country`, `subscription_id`, `last_login`, `created_at`, `updated_at`) VALUES (39, 'm', '1987-08-20', 'North Romachester', 'Israel', 4, '1975-08-30 11:33:03', '1990-02-02 07:17:44', '1999-09-25 05:40:37');
INSERT INTO `profiles` (`user_id`, `gender`, `birthday`, `city`, `country`, `subscription_id`, `last_login`, `created_at`, `updated_at`) VALUES (40, 'm', '1975-01-12', 'South Yvonne', 'Cambodia', 5, '2005-12-23 13:38:47', '2014-05-05 12:56:04', '1970-04-14 13:37:00');
INSERT INTO `profiles` (`user_id`, `gender`, `birthday`, `city`, `country`, `subscription_id`, `last_login`, `created_at`, `updated_at`) VALUES (41, 'm', '1982-01-17', 'Jessytown', 'Israel', 1, '1980-12-22 18:05:25', '2010-10-06 10:03:14', '1991-08-17 04:12:05');
INSERT INTO `profiles` (`user_id`, `gender`, `birthday`, `city`, `country`, `subscription_id`, `last_login`, `created_at`, `updated_at`) VALUES (42, 'm', '1989-02-08', 'Lake Othaside', 'Mali', 2, '1997-01-10 20:52:17', '1984-02-14 12:06:22', '1993-09-19 16:37:09');
INSERT INTO `profiles` (`user_id`, `gender`, `birthday`, `city`, `country`, `subscription_id`, `last_login`, `created_at`, `updated_at`) VALUES (43, '', '2018-05-26', 'South Kianahaven', 'Luxembourg', 3, '1982-06-16 15:14:17', '1994-05-25 09:18:56', '1995-11-13 14:12:33');
INSERT INTO `profiles` (`user_id`, `gender`, `birthday`, `city`, `country`, `subscription_id`, `last_login`, `created_at`, `updated_at`) VALUES (44, '', '1971-05-03', 'New Alexys', 'Slovenia', 4, '2009-01-14 23:35:11', '2019-06-29 01:03:32', '1988-05-17 08:06:28');
INSERT INTO `profiles` (`user_id`, `gender`, `birthday`, `city`, `country`, `subscription_id`, `last_login`, `created_at`, `updated_at`) VALUES (45, 'm', '1983-02-17', 'Port Marcelinaberg', 'Australia', 5, '2020-10-14 22:49:27', '2002-06-28 19:32:42', '1970-06-03 14:03:23');
INSERT INTO `profiles` (`user_id`, `gender`, `birthday`, `city`, `country`, `subscription_id`, `last_login`, `created_at`, `updated_at`) VALUES (46, '', '1974-03-16', 'North Eraberg', 'Moldova', 1, '1996-10-08 22:15:43', '2016-09-28 09:05:57', '1988-02-25 03:09:07');
INSERT INTO `profiles` (`user_id`, `gender`, `birthday`, `city`, `country`, `subscription_id`, `last_login`, `created_at`, `updated_at`) VALUES (47, '', '1995-09-21', 'Hestertown', 'Liberia', 2, '1985-03-29 09:39:02', '1985-02-25 02:33:20', '1984-08-20 00:57:35');
INSERT INTO `profiles` (`user_id`, `gender`, `birthday`, `city`, `country`, `subscription_id`, `last_login`, `created_at`, `updated_at`) VALUES (48, 'm', '1989-11-08', 'East Orloton', 'Serbia', 3, '1996-02-17 17:48:59', '1994-07-08 21:59:10', '1992-06-24 13:51:51');
INSERT INTO `profiles` (`user_id`, `gender`, `birthday`, `city`, `country`, `subscription_id`, `last_login`, `created_at`, `updated_at`) VALUES (49, '', '2017-07-06', 'West Wilbert', 'Lebanon', 4, '1995-10-12 18:49:14', '1978-11-04 18:23:00', '1989-06-02 22:42:01');
INSERT INTO `profiles` (`user_id`, `gender`, `birthday`, `city`, `country`, `subscription_id`, `last_login`, `created_at`, `updated_at`) VALUES (50, '', '1993-09-25', 'Collinston', 'Vietnam', 5, '2008-06-05 13:12:51', '1971-11-03 13:34:55', '1980-11-14 14:15:22');
INSERT INTO `profiles` (`user_id`, `gender`, `birthday`, `city`, `country`, `subscription_id`, `last_login`, `created_at`, `updated_at`) VALUES (51, '', '2006-02-05', 'Mableton', 'Venezuela', 1, '2005-07-09 01:55:00', '2003-06-22 12:32:48', '1999-12-19 04:44:39');
INSERT INTO `profiles` (`user_id`, `gender`, `birthday`, `city`, `country`, `subscription_id`, `last_login`, `created_at`, `updated_at`) VALUES (52, '', '1989-12-06', 'Rueckerbury', 'China', 2, '2020-04-24 16:20:29', '1989-03-21 18:24:14', '1982-08-30 05:40:39');
INSERT INTO `profiles` (`user_id`, `gender`, `birthday`, `city`, `country`, `subscription_id`, `last_login`, `created_at`, `updated_at`) VALUES (53, 'm', '1991-09-18', 'Adolphusview', 'Algeria', 3, '2000-08-14 08:05:18', '1990-05-21 06:08:18', '2007-03-04 07:15:44');
INSERT INTO `profiles` (`user_id`, `gender`, `birthday`, `city`, `country`, `subscription_id`, `last_login`, `created_at`, `updated_at`) VALUES (54, '', '2009-01-10', 'Pascaleburgh', 'Mongolia', 4, '1992-10-13 10:48:30', '2004-05-22 14:42:53', '2011-12-24 12:37:19');
INSERT INTO `profiles` (`user_id`, `gender`, `birthday`, `city`, `country`, `subscription_id`, `last_login`, `created_at`, `updated_at`) VALUES (55, 'm', '1997-10-27', 'Lake Brandynmouth', 'Saint Barthelemy', 5, '1985-01-17 23:23:25', '1993-12-04 06:31:28', '1973-07-27 17:26:02');
INSERT INTO `profiles` (`user_id`, `gender`, `birthday`, `city`, `country`, `subscription_id`, `last_login`, `created_at`, `updated_at`) VALUES (56, 'm', '1988-07-02', 'East Alycia', 'Bhutan', 1, '1979-12-15 03:57:19', '1982-07-28 09:39:46', '2008-06-22 05:44:40');
INSERT INTO `profiles` (`user_id`, `gender`, `birthday`, `city`, `country`, `subscription_id`, `last_login`, `created_at`, `updated_at`) VALUES (57, 'm', '1984-03-13', 'West Kendramouth', 'Korea', 2, '2012-03-05 02:20:22', '2013-07-21 18:27:15', '1993-03-09 06:32:16');
INSERT INTO `profiles` (`user_id`, `gender`, `birthday`, `city`, `country`, `subscription_id`, `last_login`, `created_at`, `updated_at`) VALUES (58, '', '1974-07-19', 'East Terrencehaven', 'Norfolk Island', 3, '1985-04-14 22:34:08', '2004-07-02 17:43:08', '1984-09-06 04:01:39');
INSERT INTO `profiles` (`user_id`, `gender`, `birthday`, `city`, `country`, `subscription_id`, `last_login`, `created_at`, `updated_at`) VALUES (59, 'm', '2011-07-01', 'Matildaside', 'Saint Martin', 4, '1973-02-21 15:07:45', '1986-07-24 18:47:54', '1985-04-26 20:29:41');
INSERT INTO `profiles` (`user_id`, `gender`, `birthday`, `city`, `country`, `subscription_id`, `last_login`, `created_at`, `updated_at`) VALUES (60, 'm', '1970-07-30', 'Lake Tatum', 'Malta', 5, '1976-09-04 15:56:03', '1980-05-15 17:17:20', '2014-01-15 17:05:27');
INSERT INTO `profiles` (`user_id`, `gender`, `birthday`, `city`, `country`, `subscription_id`, `last_login`, `created_at`, `updated_at`) VALUES (61, 'm', '1990-06-10', 'Cyrusside', 'Brazil', 1, '1999-07-27 23:44:21', '1980-09-11 15:47:08', '1982-02-11 01:46:07');
INSERT INTO `profiles` (`user_id`, `gender`, `birthday`, `city`, `country`, `subscription_id`, `last_login`, `created_at`, `updated_at`) VALUES (62, '', '2005-12-06', 'North Ardellaside', 'Aruba', 2, '2001-02-16 19:09:55', '1999-02-02 12:01:09', '2015-10-03 15:43:27');
INSERT INTO `profiles` (`user_id`, `gender`, `birthday`, `city`, `country`, `subscription_id`, `last_login`, `created_at`, `updated_at`) VALUES (63, '', '2001-05-14', 'Abernathyside', 'Korea', 3, '1988-09-17 03:57:36', '1985-08-19 17:18:27', '1992-07-02 21:35:11');
INSERT INTO `profiles` (`user_id`, `gender`, `birthday`, `city`, `country`, `subscription_id`, `last_login`, `created_at`, `updated_at`) VALUES (64, '', '2009-01-26', 'New Isaiahland', 'Malaysia', 4, '2005-02-11 21:47:04', '2020-05-10 05:34:35', '2015-09-16 09:21:00');
INSERT INTO `profiles` (`user_id`, `gender`, `birthday`, `city`, `country`, `subscription_id`, `last_login`, `created_at`, `updated_at`) VALUES (65, 'm', '1985-07-11', 'New Abbigail', 'Mauritius', 5, '1976-07-14 19:11:09', '1971-08-10 06:41:07', '2008-04-25 13:41:55');
INSERT INTO `profiles` (`user_id`, `gender`, `birthday`, `city`, `country`, `subscription_id`, `last_login`, `created_at`, `updated_at`) VALUES (66, 'm', '1986-03-07', 'East Wilhelmburgh', 'Korea', 1, '1982-06-07 04:45:47', '1993-10-29 13:07:36', '1980-01-05 12:28:39');
INSERT INTO `profiles` (`user_id`, `gender`, `birthday`, `city`, `country`, `subscription_id`, `last_login`, `created_at`, `updated_at`) VALUES (67, 'm', '1975-12-09', 'West Alia', 'Wallis and Futuna', 2, '2003-01-24 15:20:49', '2015-07-21 16:23:59', '1973-12-09 21:35:05');
INSERT INTO `profiles` (`user_id`, `gender`, `birthday`, `city`, `country`, `subscription_id`, `last_login`, `created_at`, `updated_at`) VALUES (68, 'm', '1997-05-09', 'Elliottfurt', 'Panama', 3, '1971-02-16 02:25:09', '2008-06-05 10:12:21', '1972-09-09 14:40:35');
INSERT INTO `profiles` (`user_id`, `gender`, `birthday`, `city`, `country`, `subscription_id`, `last_login`, `created_at`, `updated_at`) VALUES (69, 'm', '2006-08-16', 'Abrahammouth', 'Sudan', 4, '2010-03-09 15:14:50', '2000-01-31 08:34:27', '1977-03-25 07:41:50');
INSERT INTO `profiles` (`user_id`, `gender`, `birthday`, `city`, `country`, `subscription_id`, `last_login`, `created_at`, `updated_at`) VALUES (70, 'm', '2009-03-26', 'East Herminia', 'Cocos (Keeling) Islands', 5, '2003-10-04 03:38:54', '1979-09-09 23:47:37', '2012-09-05 04:42:24');
INSERT INTO `profiles` (`user_id`, `gender`, `birthday`, `city`, `country`, `subscription_id`, `last_login`, `created_at`, `updated_at`) VALUES (71, 'm', '1993-09-18', 'New Donatoberg', 'Puerto Rico', 1, '1994-11-15 15:43:33', '1990-03-15 15:21:12', '2018-02-16 03:57:21');
INSERT INTO `profiles` (`user_id`, `gender`, `birthday`, `city`, `country`, `subscription_id`, `last_login`, `created_at`, `updated_at`) VALUES (72, '', '2002-11-22', 'Eribertoburgh', 'Bolivia', 2, '1975-03-19 14:58:20', '1974-04-26 21:30:14', '1990-06-11 17:23:35');
INSERT INTO `profiles` (`user_id`, `gender`, `birthday`, `city`, `country`, `subscription_id`, `last_login`, `created_at`, `updated_at`) VALUES (73, '', '1987-02-05', 'South Mia', 'Armenia', 3, '1990-09-23 03:34:28', '1991-11-28 04:19:55', '1987-01-07 23:49:27');
INSERT INTO `profiles` (`user_id`, `gender`, `birthday`, `city`, `country`, `subscription_id`, `last_login`, `created_at`, `updated_at`) VALUES (74, '', '1990-09-27', 'South Jesus', 'French Southern Territories', 4, '2021-01-12 03:05:59', '1981-01-17 12:42:32', '1972-02-27 13:24:43');
INSERT INTO `profiles` (`user_id`, `gender`, `birthday`, `city`, `country`, `subscription_id`, `last_login`, `created_at`, `updated_at`) VALUES (75, 'm', '2019-01-14', 'Baumbachville', 'Mali', 5, '1970-11-07 01:21:06', '1977-06-01 04:54:06', '2017-09-20 20:55:00');
INSERT INTO `profiles` (`user_id`, `gender`, `birthday`, `city`, `country`, `subscription_id`, `last_login`, `created_at`, `updated_at`) VALUES (76, 'm', '1976-09-06', 'Kaitlynport', 'Liechtenstein', 1, '2011-04-23 21:35:43', '1983-09-04 20:25:23', '1980-09-09 15:57:48');
INSERT INTO `profiles` (`user_id`, `gender`, `birthday`, `city`, `country`, `subscription_id`, `last_login`, `created_at`, `updated_at`) VALUES (77, 'm', '2014-09-22', 'North Faustinochester', 'Tokelau', 2, '2000-10-31 12:34:54', '1994-08-02 06:50:45', '1988-09-20 22:47:04');
INSERT INTO `profiles` (`user_id`, `gender`, `birthday`, `city`, `country`, `subscription_id`, `last_login`, `created_at`, `updated_at`) VALUES (78, 'm', '1973-12-09', 'South Neha', 'Suriname', 3, '1985-12-19 19:03:30', '1975-01-15 09:05:48', '1995-11-17 07:29:40');
INSERT INTO `profiles` (`user_id`, `gender`, `birthday`, `city`, `country`, `subscription_id`, `last_login`, `created_at`, `updated_at`) VALUES (79, '', '2014-08-17', 'Rosemarieville', 'Trinidad and Tobago', 4, '1987-07-03 08:41:00', '1975-10-28 06:00:37', '2016-03-24 22:29:19');
INSERT INTO `profiles` (`user_id`, `gender`, `birthday`, `city`, `country`, `subscription_id`, `last_login`, `created_at`, `updated_at`) VALUES (80, 'm', '2015-10-18', 'Lake Amirton', 'Anguilla', 5, '2016-12-30 00:57:18', '1988-11-18 08:46:41', '1998-05-17 21:14:37');
INSERT INTO `profiles` (`user_id`, `gender`, `birthday`, `city`, `country`, `subscription_id`, `last_login`, `created_at`, `updated_at`) VALUES (81, 'm', '2014-07-03', 'Marianmouth', 'Brunei Darussalam', 1, '2003-10-30 18:57:53', '1974-05-09 03:13:26', '2012-12-31 08:43:54');
INSERT INTO `profiles` (`user_id`, `gender`, `birthday`, `city`, `country`, `subscription_id`, `last_login`, `created_at`, `updated_at`) VALUES (82, '', '1987-09-23', 'Gorczanyfurt', 'Equatorial Guinea', 2, '1981-12-06 21:34:00', '1972-10-19 15:54:10', '1974-09-20 01:01:17');
INSERT INTO `profiles` (`user_id`, `gender`, `birthday`, `city`, `country`, `subscription_id`, `last_login`, `created_at`, `updated_at`) VALUES (83, '', '2016-07-02', 'Lake Desiree', 'Qatar', 3, '2004-08-15 12:40:11', '1974-07-04 08:07:35', '2002-07-04 07:46:27');
INSERT INTO `profiles` (`user_id`, `gender`, `birthday`, `city`, `country`, `subscription_id`, `last_login`, `created_at`, `updated_at`) VALUES (84, '', '1976-09-05', 'Schaeferview', 'Congo', 4, '2010-11-16 07:08:50', '2012-07-05 07:16:07', '2006-12-02 01:00:47');
INSERT INTO `profiles` (`user_id`, `gender`, `birthday`, `city`, `country`, `subscription_id`, `last_login`, `created_at`, `updated_at`) VALUES (85, '', '1980-07-26', 'Antoinettestad', 'Mauritius', 5, '1971-05-09 10:06:10', '2018-08-18 07:11:30', '1998-11-08 13:22:18');
INSERT INTO `profiles` (`user_id`, `gender`, `birthday`, `city`, `country`, `subscription_id`, `last_login`, `created_at`, `updated_at`) VALUES (86, '', '1978-01-03', 'South Kassandraton', 'Vietnam', 1, '1990-05-22 07:20:57', '1970-03-17 16:45:15', '2012-07-09 13:17:46');
INSERT INTO `profiles` (`user_id`, `gender`, `birthday`, `city`, `country`, `subscription_id`, `last_login`, `created_at`, `updated_at`) VALUES (87, 'm', '2001-11-17', 'New Kieran', 'Bhutan', 2, '1971-05-15 02:46:47', '1988-03-26 14:36:13', '1985-02-21 05:33:32');
INSERT INTO `profiles` (`user_id`, `gender`, `birthday`, `city`, `country`, `subscription_id`, `last_login`, `created_at`, `updated_at`) VALUES (88, '', '2016-03-17', 'New Maverickchester', 'Serbia', 3, '1970-12-18 22:02:38', '1972-07-13 23:55:27', '2003-01-04 12:34:29');
INSERT INTO `profiles` (`user_id`, `gender`, `birthday`, `city`, `country`, `subscription_id`, `last_login`, `created_at`, `updated_at`) VALUES (89, 'm', '1991-06-14', 'New Kyra', 'Australia', 4, '1973-05-15 12:30:31', '1998-11-28 14:16:35', '2000-02-11 20:42:02');
INSERT INTO `profiles` (`user_id`, `gender`, `birthday`, `city`, `country`, `subscription_id`, `last_login`, `created_at`, `updated_at`) VALUES (90, '', '1999-05-21', 'New Albamouth', 'Switzerland', 5, '2006-02-25 20:18:44', '2018-04-29 11:10:03', '1995-08-01 13:06:54');
INSERT INTO `profiles` (`user_id`, `gender`, `birthday`, `city`, `country`, `subscription_id`, `last_login`, `created_at`, `updated_at`) VALUES (91, '', '2016-11-26', 'Kallieport', 'Israel', 1, '2014-07-28 03:50:47', '1971-12-06 13:08:44', '1996-06-29 17:41:48');
INSERT INTO `profiles` (`user_id`, `gender`, `birthday`, `city`, `country`, `subscription_id`, `last_login`, `created_at`, `updated_at`) VALUES (92, 'm', '1987-10-25', 'Bartellchester', 'Marshall Islands', 2, '1997-12-05 09:10:43', '2001-06-30 19:41:33', '1995-06-30 02:53:30');
INSERT INTO `profiles` (`user_id`, `gender`, `birthday`, `city`, `country`, `subscription_id`, `last_login`, `created_at`, `updated_at`) VALUES (93, '', '2015-01-26', 'East Herminioland', 'Bangladesh', 3, '2016-07-26 21:41:50', '1978-02-12 09:44:49', '1999-08-01 00:06:05');
INSERT INTO `profiles` (`user_id`, `gender`, `birthday`, `city`, `country`, `subscription_id`, `last_login`, `created_at`, `updated_at`) VALUES (94, 'm', '1988-09-11', 'Sidneyburgh', 'Greece', 4, '1989-10-17 21:59:41', '1995-01-15 09:10:34', '1982-04-05 00:11:40');
INSERT INTO `profiles` (`user_id`, `gender`, `birthday`, `city`, `country`, `subscription_id`, `last_login`, `created_at`, `updated_at`) VALUES (95, 'm', '2011-01-06', 'New Claudeton', 'Netherlands', 5, '1979-05-10 08:54:06', '2018-12-11 02:21:28', '1977-08-10 02:48:02');
INSERT INTO `profiles` (`user_id`, `gender`, `birthday`, `city`, `country`, `subscription_id`, `last_login`, `created_at`, `updated_at`) VALUES (96, '', '1990-07-21', 'Lake Daishaland', 'Antigua and Barbuda', 1, '1987-10-12 01:59:49', '1979-07-25 13:43:47', '1995-05-10 14:37:44');
INSERT INTO `profiles` (`user_id`, `gender`, `birthday`, `city`, `country`, `subscription_id`, `last_login`, `created_at`, `updated_at`) VALUES (97, '', '2007-12-24', 'Margarettside', 'Indonesia', 2, '1994-02-11 01:47:56', '1993-06-10 00:41:16', '1973-07-30 00:58:34');
INSERT INTO `profiles` (`user_id`, `gender`, `birthday`, `city`, `country`, `subscription_id`, `last_login`, `created_at`, `updated_at`) VALUES (98, 'm', '2009-09-25', 'Rosalindaport', 'Israel', 3, '2007-09-06 14:56:44', '2006-11-03 19:51:37', '1990-01-30 12:35:40');
INSERT INTO `profiles` (`user_id`, `gender`, `birthday`, `city`, `country`, `subscription_id`, `last_login`, `created_at`, `updated_at`) VALUES (99, 'm', '2007-11-01', 'East Tony', 'Eritrea', 4, '2011-05-09 08:27:55', '1996-04-16 23:45:35', '1989-01-29 11:45:13');
INSERT INTO `profiles` (`user_id`, `gender`, `birthday`, `city`, `country`, `subscription_id`, `last_login`, `created_at`, `updated_at`) VALUES (100, '', '1987-10-14', 'Feilberg', 'Cayman Islands', 5, '2018-12-13 18:40:25', '1988-05-02 03:41:05', '1988-12-28 06:49:29');


#
# TABLE STRUCTURE FOR: rating
#

DROP TABLE IF EXISTS `rating`;

CREATE TABLE `rating` (
  `id` int(10) unsigned NOT NULL AUTO_INCREMENT COMMENT 'Идентификатор строки',
  `average_rating` int(10) unsigned NOT NULL COMMENT 'Средний рейтинг',
  `directing_rating` int(10) unsigned NOT NULL COMMENT 'Рейтинг за режиссуру',
  `story_rating` int(10) unsigned NOT NULL COMMENT 'Рейтинг за сюжет',
  `entertainment_rating` int(10) unsigned NOT NULL COMMENT 'Ррейтинг за зрелищность ',
  `actors_rating` int(10) unsigned NOT NULL COMMENT 'Рейтинг за актеров',
  `created_at` datetime DEFAULT current_timestamp() COMMENT 'Время создания строки',
  `updated_at` datetime DEFAULT current_timestamp() ON UPDATE current_timestamp() COMMENT 'Время обновления строки',
  PRIMARY KEY (`id`)
) ENGINE=InnoDB AUTO_INCREMENT=101 DEFAULT CHARSET=utf8mb4 COLLATE=utf8mb4_unicode_ci COMMENT='Рейтинги';

INSERT INTO `rating` (`id`, `average_rating`, `directing_rating`, `story_rating`, `entertainment_rating`, `actors_rating`, `created_at`, `updated_at`) VALUES (1, 0, 0, 0, 0, 0, '1992-09-01 13:50:42', '1987-03-27 14:08:46');
INSERT INTO `rating` (`id`, `average_rating`, `directing_rating`, `story_rating`, `entertainment_rating`, `actors_rating`, `created_at`, `updated_at`) VALUES (2, 0, 0, 0, 0, 0, '2016-04-07 16:41:48', '1998-07-10 22:59:37');
INSERT INTO `rating` (`id`, `average_rating`, `directing_rating`, `story_rating`, `entertainment_rating`, `actors_rating`, `created_at`, `updated_at`) VALUES (3, 0, 0, 0, 0, 0, '1992-12-07 21:47:22', '1976-04-06 20:33:13');
INSERT INTO `rating` (`id`, `average_rating`, `directing_rating`, `story_rating`, `entertainment_rating`, `actors_rating`, `created_at`, `updated_at`) VALUES (4, 0, 0, 0, 0, 0, '2009-02-19 09:21:21', '1996-08-08 22:23:49');
INSERT INTO `rating` (`id`, `average_rating`, `directing_rating`, `story_rating`, `entertainment_rating`, `actors_rating`, `created_at`, `updated_at`) VALUES (5, 0, 0, 0, 0, 0, '1994-11-03 21:48:47', '2016-01-22 08:26:25');
INSERT INTO `rating` (`id`, `average_rating`, `directing_rating`, `story_rating`, `entertainment_rating`, `actors_rating`, `created_at`, `updated_at`) VALUES (6, 0, 0, 0, 0, 0, '1977-06-26 12:51:20', '1975-01-31 20:05:16');
INSERT INTO `rating` (`id`, `average_rating`, `directing_rating`, `story_rating`, `entertainment_rating`, `actors_rating`, `created_at`, `updated_at`) VALUES (7, 0, 0, 0, 0, 0, '2010-07-30 09:09:13', '2021-01-25 23:22:56');
INSERT INTO `rating` (`id`, `average_rating`, `directing_rating`, `story_rating`, `entertainment_rating`, `actors_rating`, `created_at`, `updated_at`) VALUES (8, 0, 0, 0, 0, 0, '1987-08-05 14:31:25', '2003-10-11 05:02:39');
INSERT INTO `rating` (`id`, `average_rating`, `directing_rating`, `story_rating`, `entertainment_rating`, `actors_rating`, `created_at`, `updated_at`) VALUES (9, 0, 0, 0, 0, 0, '1977-07-28 08:10:06', '2011-04-13 18:10:10');
INSERT INTO `rating` (`id`, `average_rating`, `directing_rating`, `story_rating`, `entertainment_rating`, `actors_rating`, `created_at`, `updated_at`) VALUES (10, 0, 0, 0, 0, 0, '1983-05-20 01:35:48', '2006-01-28 22:47:54');
INSERT INTO `rating` (`id`, `average_rating`, `directing_rating`, `story_rating`, `entertainment_rating`, `actors_rating`, `created_at`, `updated_at`) VALUES (11, 0, 0, 0, 0, 0, '1994-03-17 14:20:13', '2010-04-12 17:18:28');
INSERT INTO `rating` (`id`, `average_rating`, `directing_rating`, `story_rating`, `entertainment_rating`, `actors_rating`, `created_at`, `updated_at`) VALUES (12, 0, 0, 0, 0, 0, '2008-06-21 00:01:27', '2014-01-09 19:48:49');
INSERT INTO `rating` (`id`, `average_rating`, `directing_rating`, `story_rating`, `entertainment_rating`, `actors_rating`, `created_at`, `updated_at`) VALUES (13, 0, 0, 0, 0, 0, '1978-10-04 01:54:35', '2020-06-22 04:38:20');
INSERT INTO `rating` (`id`, `average_rating`, `directing_rating`, `story_rating`, `entertainment_rating`, `actors_rating`, `created_at`, `updated_at`) VALUES (14, 0, 0, 0, 0, 0, '2001-06-03 17:49:28', '1989-08-29 16:52:05');
INSERT INTO `rating` (`id`, `average_rating`, `directing_rating`, `story_rating`, `entertainment_rating`, `actors_rating`, `created_at`, `updated_at`) VALUES (15, 0, 0, 0, 0, 0, '2005-04-13 21:05:35', '2007-07-26 22:37:54');
INSERT INTO `rating` (`id`, `average_rating`, `directing_rating`, `story_rating`, `entertainment_rating`, `actors_rating`, `created_at`, `updated_at`) VALUES (16, 0, 0, 0, 0, 0, '1984-10-28 04:37:35', '1985-08-15 15:34:45');
INSERT INTO `rating` (`id`, `average_rating`, `directing_rating`, `story_rating`, `entertainment_rating`, `actors_rating`, `created_at`, `updated_at`) VALUES (17, 0, 0, 0, 0, 0, '1996-02-08 06:07:55', '1977-03-24 05:19:13');
INSERT INTO `rating` (`id`, `average_rating`, `directing_rating`, `story_rating`, `entertainment_rating`, `actors_rating`, `created_at`, `updated_at`) VALUES (18, 0, 0, 0, 0, 0, '1981-07-05 16:39:40', '1983-12-28 20:03:01');
INSERT INTO `rating` (`id`, `average_rating`, `directing_rating`, `story_rating`, `entertainment_rating`, `actors_rating`, `created_at`, `updated_at`) VALUES (19, 0, 0, 0, 0, 0, '1979-01-14 01:13:18', '2018-02-07 21:31:57');
INSERT INTO `rating` (`id`, `average_rating`, `directing_rating`, `story_rating`, `entertainment_rating`, `actors_rating`, `created_at`, `updated_at`) VALUES (20, 0, 0, 0, 0, 0, '1986-01-24 20:34:08', '2013-12-23 00:30:25');
INSERT INTO `rating` (`id`, `average_rating`, `directing_rating`, `story_rating`, `entertainment_rating`, `actors_rating`, `created_at`, `updated_at`) VALUES (21, 0, 0, 0, 0, 0, '1981-06-13 17:41:48', '1992-07-12 18:49:20');
INSERT INTO `rating` (`id`, `average_rating`, `directing_rating`, `story_rating`, `entertainment_rating`, `actors_rating`, `created_at`, `updated_at`) VALUES (22, 0, 0, 0, 0, 0, '1978-09-10 03:59:04', '1971-10-06 23:48:49');
INSERT INTO `rating` (`id`, `average_rating`, `directing_rating`, `story_rating`, `entertainment_rating`, `actors_rating`, `created_at`, `updated_at`) VALUES (23, 0, 0, 0, 0, 0, '2007-09-13 10:35:30', '1988-01-21 13:31:33');
INSERT INTO `rating` (`id`, `average_rating`, `directing_rating`, `story_rating`, `entertainment_rating`, `actors_rating`, `created_at`, `updated_at`) VALUES (24, 0, 0, 0, 0, 0, '2013-01-07 22:03:31', '2011-02-28 03:13:14');
INSERT INTO `rating` (`id`, `average_rating`, `directing_rating`, `story_rating`, `entertainment_rating`, `actors_rating`, `created_at`, `updated_at`) VALUES (25, 0, 0, 0, 0, 0, '1990-12-15 23:58:15', '2004-03-15 14:44:31');
INSERT INTO `rating` (`id`, `average_rating`, `directing_rating`, `story_rating`, `entertainment_rating`, `actors_rating`, `created_at`, `updated_at`) VALUES (26, 0, 0, 0, 0, 0, '1983-01-21 09:24:46', '1990-12-11 19:50:02');
INSERT INTO `rating` (`id`, `average_rating`, `directing_rating`, `story_rating`, `entertainment_rating`, `actors_rating`, `created_at`, `updated_at`) VALUES (27, 0, 0, 0, 0, 0, '2010-08-12 00:02:57', '2000-12-05 18:35:50');
INSERT INTO `rating` (`id`, `average_rating`, `directing_rating`, `story_rating`, `entertainment_rating`, `actors_rating`, `created_at`, `updated_at`) VALUES (28, 0, 0, 0, 0, 0, '1993-03-11 13:29:36', '1970-01-20 23:38:49');
INSERT INTO `rating` (`id`, `average_rating`, `directing_rating`, `story_rating`, `entertainment_rating`, `actors_rating`, `created_at`, `updated_at`) VALUES (29, 0, 0, 0, 0, 0, '2011-07-24 21:43:21', '1992-05-17 00:20:03');
INSERT INTO `rating` (`id`, `average_rating`, `directing_rating`, `story_rating`, `entertainment_rating`, `actors_rating`, `created_at`, `updated_at`) VALUES (30, 0, 0, 0, 0, 0, '1991-05-16 15:24:53', '1994-08-10 08:49:34');
INSERT INTO `rating` (`id`, `average_rating`, `directing_rating`, `story_rating`, `entertainment_rating`, `actors_rating`, `created_at`, `updated_at`) VALUES (31, 0, 0, 0, 0, 0, '1974-12-25 12:11:06', '2000-02-03 16:00:10');
INSERT INTO `rating` (`id`, `average_rating`, `directing_rating`, `story_rating`, `entertainment_rating`, `actors_rating`, `created_at`, `updated_at`) VALUES (32, 0, 0, 0, 0, 0, '1992-12-14 16:34:03', '1995-03-18 03:09:00');
INSERT INTO `rating` (`id`, `average_rating`, `directing_rating`, `story_rating`, `entertainment_rating`, `actors_rating`, `created_at`, `updated_at`) VALUES (33, 0, 0, 0, 0, 0, '1989-06-21 20:50:47', '2011-03-30 10:15:30');
INSERT INTO `rating` (`id`, `average_rating`, `directing_rating`, `story_rating`, `entertainment_rating`, `actors_rating`, `created_at`, `updated_at`) VALUES (34, 0, 0, 0, 0, 0, '2010-07-19 23:18:57', '1978-03-18 09:41:06');
INSERT INTO `rating` (`id`, `average_rating`, `directing_rating`, `story_rating`, `entertainment_rating`, `actors_rating`, `created_at`, `updated_at`) VALUES (35, 0, 0, 0, 0, 0, '1988-06-25 10:20:42', '2019-09-26 02:54:43');
INSERT INTO `rating` (`id`, `average_rating`, `directing_rating`, `story_rating`, `entertainment_rating`, `actors_rating`, `created_at`, `updated_at`) VALUES (36, 0, 0, 0, 0, 0, '2003-09-13 13:28:45', '1991-10-11 22:52:27');
INSERT INTO `rating` (`id`, `average_rating`, `directing_rating`, `story_rating`, `entertainment_rating`, `actors_rating`, `created_at`, `updated_at`) VALUES (37, 0, 0, 0, 0, 0, '1994-08-28 00:05:37', '1984-01-28 04:19:31');
INSERT INTO `rating` (`id`, `average_rating`, `directing_rating`, `story_rating`, `entertainment_rating`, `actors_rating`, `created_at`, `updated_at`) VALUES (38, 0, 0, 0, 0, 0, '2009-05-10 02:27:53', '2017-12-01 01:38:06');
INSERT INTO `rating` (`id`, `average_rating`, `directing_rating`, `story_rating`, `entertainment_rating`, `actors_rating`, `created_at`, `updated_at`) VALUES (39, 0, 0, 0, 0, 0, '1993-03-22 20:16:32', '1976-09-28 10:21:41');
INSERT INTO `rating` (`id`, `average_rating`, `directing_rating`, `story_rating`, `entertainment_rating`, `actors_rating`, `created_at`, `updated_at`) VALUES (40, 0, 0, 0, 0, 0, '1981-02-23 03:02:19', '2013-01-27 04:02:04');
INSERT INTO `rating` (`id`, `average_rating`, `directing_rating`, `story_rating`, `entertainment_rating`, `actors_rating`, `created_at`, `updated_at`) VALUES (41, 0, 0, 0, 0, 0, '1989-03-26 09:15:10', '2016-03-13 17:02:24');
INSERT INTO `rating` (`id`, `average_rating`, `directing_rating`, `story_rating`, `entertainment_rating`, `actors_rating`, `created_at`, `updated_at`) VALUES (42, 0, 0, 0, 0, 0, '2015-02-15 00:35:28', '2013-10-17 04:54:37');
INSERT INTO `rating` (`id`, `average_rating`, `directing_rating`, `story_rating`, `entertainment_rating`, `actors_rating`, `created_at`, `updated_at`) VALUES (43, 0, 0, 0, 0, 0, '1995-04-04 16:16:52', '1971-04-14 06:16:34');
INSERT INTO `rating` (`id`, `average_rating`, `directing_rating`, `story_rating`, `entertainment_rating`, `actors_rating`, `created_at`, `updated_at`) VALUES (44, 0, 0, 0, 0, 0, '1989-07-01 06:01:17', '2001-04-12 20:18:07');
INSERT INTO `rating` (`id`, `average_rating`, `directing_rating`, `story_rating`, `entertainment_rating`, `actors_rating`, `created_at`, `updated_at`) VALUES (45, 0, 0, 0, 0, 0, '2014-11-26 07:16:51', '1970-03-03 04:16:57');
INSERT INTO `rating` (`id`, `average_rating`, `directing_rating`, `story_rating`, `entertainment_rating`, `actors_rating`, `created_at`, `updated_at`) VALUES (46, 0, 0, 0, 0, 0, '2013-08-12 17:21:26', '1987-11-15 19:05:53');
INSERT INTO `rating` (`id`, `average_rating`, `directing_rating`, `story_rating`, `entertainment_rating`, `actors_rating`, `created_at`, `updated_at`) VALUES (47, 0, 0, 0, 0, 0, '1982-03-04 05:06:18', '2001-03-02 00:59:50');
INSERT INTO `rating` (`id`, `average_rating`, `directing_rating`, `story_rating`, `entertainment_rating`, `actors_rating`, `created_at`, `updated_at`) VALUES (48, 0, 0, 0, 0, 0, '2019-12-25 18:05:27', '1987-02-21 07:47:28');
INSERT INTO `rating` (`id`, `average_rating`, `directing_rating`, `story_rating`, `entertainment_rating`, `actors_rating`, `created_at`, `updated_at`) VALUES (49, 0, 0, 0, 0, 0, '1994-12-26 02:45:36', '1988-09-08 09:52:06');
INSERT INTO `rating` (`id`, `average_rating`, `directing_rating`, `story_rating`, `entertainment_rating`, `actors_rating`, `created_at`, `updated_at`) VALUES (50, 0, 0, 0, 0, 0, '2016-08-23 09:52:39', '2011-11-03 04:23:06');
INSERT INTO `rating` (`id`, `average_rating`, `directing_rating`, `story_rating`, `entertainment_rating`, `actors_rating`, `created_at`, `updated_at`) VALUES (51, 0, 0, 0, 0, 0, '1980-10-14 01:13:38', '1993-08-25 03:08:24');
INSERT INTO `rating` (`id`, `average_rating`, `directing_rating`, `story_rating`, `entertainment_rating`, `actors_rating`, `created_at`, `updated_at`) VALUES (52, 0, 0, 0, 0, 0, '1978-10-17 06:23:07', '1985-05-25 20:45:39');
INSERT INTO `rating` (`id`, `average_rating`, `directing_rating`, `story_rating`, `entertainment_rating`, `actors_rating`, `created_at`, `updated_at`) VALUES (53, 0, 0, 0, 0, 0, '1992-06-25 11:37:31', '1997-03-25 23:07:42');
INSERT INTO `rating` (`id`, `average_rating`, `directing_rating`, `story_rating`, `entertainment_rating`, `actors_rating`, `created_at`, `updated_at`) VALUES (54, 0, 0, 0, 0, 0, '2000-11-08 10:42:46', '1992-04-22 04:04:45');
INSERT INTO `rating` (`id`, `average_rating`, `directing_rating`, `story_rating`, `entertainment_rating`, `actors_rating`, `created_at`, `updated_at`) VALUES (55, 0, 0, 0, 0, 0, '2005-06-26 15:23:49', '1992-09-08 14:17:53');
INSERT INTO `rating` (`id`, `average_rating`, `directing_rating`, `story_rating`, `entertainment_rating`, `actors_rating`, `created_at`, `updated_at`) VALUES (56, 0, 0, 0, 0, 0, '1988-06-21 06:40:28', '1985-08-06 04:08:10');
INSERT INTO `rating` (`id`, `average_rating`, `directing_rating`, `story_rating`, `entertainment_rating`, `actors_rating`, `created_at`, `updated_at`) VALUES (57, 0, 0, 0, 0, 0, '1976-04-08 18:45:44', '1987-01-06 14:55:40');
INSERT INTO `rating` (`id`, `average_rating`, `directing_rating`, `story_rating`, `entertainment_rating`, `actors_rating`, `created_at`, `updated_at`) VALUES (58, 0, 0, 0, 0, 0, '1979-11-07 20:35:47', '2008-02-24 08:03:48');
INSERT INTO `rating` (`id`, `average_rating`, `directing_rating`, `story_rating`, `entertainment_rating`, `actors_rating`, `created_at`, `updated_at`) VALUES (59, 0, 0, 0, 0, 0, '2000-07-03 02:22:52', '2013-02-01 20:48:37');
INSERT INTO `rating` (`id`, `average_rating`, `directing_rating`, `story_rating`, `entertainment_rating`, `actors_rating`, `created_at`, `updated_at`) VALUES (60, 0, 0, 0, 0, 0, '1977-05-14 06:14:53', '1992-07-03 17:08:24');
INSERT INTO `rating` (`id`, `average_rating`, `directing_rating`, `story_rating`, `entertainment_rating`, `actors_rating`, `created_at`, `updated_at`) VALUES (61, 0, 0, 0, 0, 0, '1975-03-01 15:40:20', '2012-08-22 15:55:25');
INSERT INTO `rating` (`id`, `average_rating`, `directing_rating`, `story_rating`, `entertainment_rating`, `actors_rating`, `created_at`, `updated_at`) VALUES (62, 0, 0, 0, 0, 0, '2006-08-01 12:23:24', '1986-11-07 11:58:28');
INSERT INTO `rating` (`id`, `average_rating`, `directing_rating`, `story_rating`, `entertainment_rating`, `actors_rating`, `created_at`, `updated_at`) VALUES (63, 0, 0, 0, 0, 0, '1983-09-06 22:06:39', '2020-10-14 11:25:32');
INSERT INTO `rating` (`id`, `average_rating`, `directing_rating`, `story_rating`, `entertainment_rating`, `actors_rating`, `created_at`, `updated_at`) VALUES (64, 0, 0, 0, 0, 0, '1976-01-02 13:46:37', '1991-12-15 19:07:40');
INSERT INTO `rating` (`id`, `average_rating`, `directing_rating`, `story_rating`, `entertainment_rating`, `actors_rating`, `created_at`, `updated_at`) VALUES (65, 0, 0, 0, 0, 0, '1989-09-18 03:18:32', '2011-09-29 02:28:34');
INSERT INTO `rating` (`id`, `average_rating`, `directing_rating`, `story_rating`, `entertainment_rating`, `actors_rating`, `created_at`, `updated_at`) VALUES (66, 0, 0, 0, 0, 0, '1982-04-24 12:49:55', '2004-11-23 20:28:44');
INSERT INTO `rating` (`id`, `average_rating`, `directing_rating`, `story_rating`, `entertainment_rating`, `actors_rating`, `created_at`, `updated_at`) VALUES (67, 0, 0, 0, 0, 0, '1985-10-15 08:40:03', '1979-05-12 15:14:53');
INSERT INTO `rating` (`id`, `average_rating`, `directing_rating`, `story_rating`, `entertainment_rating`, `actors_rating`, `created_at`, `updated_at`) VALUES (68, 0, 0, 0, 0, 0, '2012-10-21 09:04:34', '1977-04-26 18:57:15');
INSERT INTO `rating` (`id`, `average_rating`, `directing_rating`, `story_rating`, `entertainment_rating`, `actors_rating`, `created_at`, `updated_at`) VALUES (69, 0, 0, 0, 0, 0, '2001-01-16 18:11:38', '1981-09-11 23:15:47');
INSERT INTO `rating` (`id`, `average_rating`, `directing_rating`, `story_rating`, `entertainment_rating`, `actors_rating`, `created_at`, `updated_at`) VALUES (70, 0, 0, 0, 0, 0, '1998-10-09 17:53:25', '1998-03-11 09:57:11');
INSERT INTO `rating` (`id`, `average_rating`, `directing_rating`, `story_rating`, `entertainment_rating`, `actors_rating`, `created_at`, `updated_at`) VALUES (71, 0, 0, 0, 0, 0, '1970-08-29 01:53:25', '2012-12-24 15:12:07');
INSERT INTO `rating` (`id`, `average_rating`, `directing_rating`, `story_rating`, `entertainment_rating`, `actors_rating`, `created_at`, `updated_at`) VALUES (72, 0, 0, 0, 0, 0, '2017-09-04 11:58:39', '1981-07-21 20:17:24');
INSERT INTO `rating` (`id`, `average_rating`, `directing_rating`, `story_rating`, `entertainment_rating`, `actors_rating`, `created_at`, `updated_at`) VALUES (73, 0, 0, 0, 0, 0, '1995-04-06 13:52:28', '2012-04-20 15:08:01');
INSERT INTO `rating` (`id`, `average_rating`, `directing_rating`, `story_rating`, `entertainment_rating`, `actors_rating`, `created_at`, `updated_at`) VALUES (74, 0, 0, 0, 0, 0, '1980-02-23 01:21:56', '1993-08-08 08:46:33');
INSERT INTO `rating` (`id`, `average_rating`, `directing_rating`, `story_rating`, `entertainment_rating`, `actors_rating`, `created_at`, `updated_at`) VALUES (75, 0, 0, 0, 0, 0, '1992-12-22 06:19:35', '2016-10-24 04:47:01');
INSERT INTO `rating` (`id`, `average_rating`, `directing_rating`, `story_rating`, `entertainment_rating`, `actors_rating`, `created_at`, `updated_at`) VALUES (76, 0, 0, 0, 0, 0, '2019-07-25 02:16:30', '2010-03-12 16:10:55');
INSERT INTO `rating` (`id`, `average_rating`, `directing_rating`, `story_rating`, `entertainment_rating`, `actors_rating`, `created_at`, `updated_at`) VALUES (77, 0, 0, 0, 0, 0, '2018-07-22 04:51:52', '1980-01-26 14:29:32');
INSERT INTO `rating` (`id`, `average_rating`, `directing_rating`, `story_rating`, `entertainment_rating`, `actors_rating`, `created_at`, `updated_at`) VALUES (78, 0, 0, 0, 0, 0, '2009-12-01 03:46:13', '1986-03-16 06:26:56');
INSERT INTO `rating` (`id`, `average_rating`, `directing_rating`, `story_rating`, `entertainment_rating`, `actors_rating`, `created_at`, `updated_at`) VALUES (79, 0, 0, 0, 0, 0, '1973-08-31 20:03:17', '2000-07-13 18:06:21');
INSERT INTO `rating` (`id`, `average_rating`, `directing_rating`, `story_rating`, `entertainment_rating`, `actors_rating`, `created_at`, `updated_at`) VALUES (80, 0, 0, 0, 0, 0, '1982-08-03 18:51:28', '2001-04-21 19:48:54');
INSERT INTO `rating` (`id`, `average_rating`, `directing_rating`, `story_rating`, `entertainment_rating`, `actors_rating`, `created_at`, `updated_at`) VALUES (81, 0, 0, 0, 0, 0, '2014-12-05 14:12:25', '1991-07-26 22:47:39');
INSERT INTO `rating` (`id`, `average_rating`, `directing_rating`, `story_rating`, `entertainment_rating`, `actors_rating`, `created_at`, `updated_at`) VALUES (82, 0, 0, 0, 0, 0, '2018-09-05 19:47:44', '1976-10-29 17:28:28');
INSERT INTO `rating` (`id`, `average_rating`, `directing_rating`, `story_rating`, `entertainment_rating`, `actors_rating`, `created_at`, `updated_at`) VALUES (83, 0, 0, 0, 0, 0, '1972-10-26 05:14:24', '1977-07-22 11:44:22');
INSERT INTO `rating` (`id`, `average_rating`, `directing_rating`, `story_rating`, `entertainment_rating`, `actors_rating`, `created_at`, `updated_at`) VALUES (84, 0, 0, 0, 0, 0, '1970-07-06 00:37:20', '1984-05-01 20:58:50');
INSERT INTO `rating` (`id`, `average_rating`, `directing_rating`, `story_rating`, `entertainment_rating`, `actors_rating`, `created_at`, `updated_at`) VALUES (85, 0, 0, 0, 0, 0, '1974-01-29 10:06:45', '1984-06-04 06:37:44');
INSERT INTO `rating` (`id`, `average_rating`, `directing_rating`, `story_rating`, `entertainment_rating`, `actors_rating`, `created_at`, `updated_at`) VALUES (86, 0, 0, 0, 0, 0, '2004-04-13 09:22:50', '2003-06-16 08:41:10');
INSERT INTO `rating` (`id`, `average_rating`, `directing_rating`, `story_rating`, `entertainment_rating`, `actors_rating`, `created_at`, `updated_at`) VALUES (87, 0, 0, 0, 0, 0, '1980-12-18 10:21:43', '1984-11-04 22:24:00');
INSERT INTO `rating` (`id`, `average_rating`, `directing_rating`, `story_rating`, `entertainment_rating`, `actors_rating`, `created_at`, `updated_at`) VALUES (88, 0, 0, 0, 0, 0, '2003-09-09 08:42:09', '1992-12-10 04:44:00');
INSERT INTO `rating` (`id`, `average_rating`, `directing_rating`, `story_rating`, `entertainment_rating`, `actors_rating`, `created_at`, `updated_at`) VALUES (89, 0, 0, 0, 0, 0, '1989-02-16 07:59:41', '2010-05-28 20:59:44');
INSERT INTO `rating` (`id`, `average_rating`, `directing_rating`, `story_rating`, `entertainment_rating`, `actors_rating`, `created_at`, `updated_at`) VALUES (90, 0, 0, 0, 0, 0, '1974-06-12 00:16:25', '1989-10-15 22:52:52');
INSERT INTO `rating` (`id`, `average_rating`, `directing_rating`, `story_rating`, `entertainment_rating`, `actors_rating`, `created_at`, `updated_at`) VALUES (91, 0, 0, 0, 0, 0, '2004-04-14 05:39:02', '1980-11-06 13:09:46');
INSERT INTO `rating` (`id`, `average_rating`, `directing_rating`, `story_rating`, `entertainment_rating`, `actors_rating`, `created_at`, `updated_at`) VALUES (92, 0, 0, 0, 0, 0, '1991-03-19 09:51:12', '1977-08-08 07:09:09');
INSERT INTO `rating` (`id`, `average_rating`, `directing_rating`, `story_rating`, `entertainment_rating`, `actors_rating`, `created_at`, `updated_at`) VALUES (93, 0, 0, 0, 0, 0, '2001-05-03 16:34:05', '1988-04-09 06:34:26');
INSERT INTO `rating` (`id`, `average_rating`, `directing_rating`, `story_rating`, `entertainment_rating`, `actors_rating`, `created_at`, `updated_at`) VALUES (94, 0, 0, 0, 0, 0, '1977-04-30 10:01:22', '1997-06-08 07:50:09');
INSERT INTO `rating` (`id`, `average_rating`, `directing_rating`, `story_rating`, `entertainment_rating`, `actors_rating`, `created_at`, `updated_at`) VALUES (95, 0, 0, 0, 0, 0, '2010-07-19 04:07:38', '1971-04-01 13:34:30');
INSERT INTO `rating` (`id`, `average_rating`, `directing_rating`, `story_rating`, `entertainment_rating`, `actors_rating`, `created_at`, `updated_at`) VALUES (96, 0, 0, 0, 0, 0, '1987-09-16 22:03:08', '1990-10-13 12:22:38');
INSERT INTO `rating` (`id`, `average_rating`, `directing_rating`, `story_rating`, `entertainment_rating`, `actors_rating`, `created_at`, `updated_at`) VALUES (97, 0, 0, 0, 0, 0, '2003-04-04 09:14:40', '1993-07-25 01:20:31');
INSERT INTO `rating` (`id`, `average_rating`, `directing_rating`, `story_rating`, `entertainment_rating`, `actors_rating`, `created_at`, `updated_at`) VALUES (98, 0, 0, 0, 0, 0, '1997-11-10 10:49:50', '1994-03-11 03:03:36');
INSERT INTO `rating` (`id`, `average_rating`, `directing_rating`, `story_rating`, `entertainment_rating`, `actors_rating`, `created_at`, `updated_at`) VALUES (99, 0, 0, 0, 0, 0, '1980-04-27 12:32:16', '2013-11-01 06:33:36');
INSERT INTO `rating` (`id`, `average_rating`, `directing_rating`, `story_rating`, `entertainment_rating`, `actors_rating`, `created_at`, `updated_at`) VALUES (100, 0, 0, 0, 0, 0, '1994-08-03 12:40:12', '1971-03-12 22:27:42');


#
# TABLE STRUCTURE FOR: reviews
#

DROP TABLE IF EXISTS `reviews`;

CREATE TABLE `reviews` (
  `user_id` int(10) unsigned NOT NULL COMMENT 'Ссылка на пользователя',
  `catalod_id` int(10) unsigned NOT NULL COMMENT 'Ссылка на каталог',
  `body` text COLLATE utf8mb4_unicode_ci NOT NULL COMMENT 'Текст отзыва',
  `created_at` datetime DEFAULT current_timestamp() COMMENT 'Время создания строки',
  `updated_at` datetime DEFAULT current_timestamp() ON UPDATE current_timestamp() COMMENT 'Время обновления строки',
  PRIMARY KEY (`user_id`)
) ENGINE=InnoDB DEFAULT CHARSET=utf8mb4 COLLATE=utf8mb4_unicode_ci COMMENT='рецензии';

INSERT INTO `reviews` (`user_id`, `catalod_id`, `body`, `created_at`, `updated_at`) VALUES (1, 1, 'Excepturi temporibus et quia placeat et sed. Illo ut numquam nemo est recusandae illum optio. Minima tempora ut officia velit facilis. Occaecati sequi expedita nulla et.', '1981-06-08 06:08:03', '2018-10-24 12:09:03');
INSERT INTO `reviews` (`user_id`, `catalod_id`, `body`, `created_at`, `updated_at`) VALUES (2, 2, 'Unde dolor ut vitae consequatur. Eligendi ipsum laboriosam et. Unde sed sed deleniti eos.', '1995-03-23 00:00:15', '1985-01-22 07:01:13');
INSERT INTO `reviews` (`user_id`, `catalod_id`, `body`, `created_at`, `updated_at`) VALUES (3, 3, 'Eius omnis reprehenderit non perferendis natus. Velit modi enim et impedit fugit quod necessitatibus. Eveniet distinctio saepe nihil adipisci.', '1995-05-07 08:51:03', '2019-08-10 03:52:26');
INSERT INTO `reviews` (`user_id`, `catalod_id`, `body`, `created_at`, `updated_at`) VALUES (4, 4, 'Id occaecati et qui ut non architecto. Blanditiis accusantium dolorem odio omnis facilis blanditiis. Iure iste dolores quod sunt est.', '1983-05-30 06:30:19', '2019-09-03 20:25:53');
INSERT INTO `reviews` (`user_id`, `catalod_id`, `body`, `created_at`, `updated_at`) VALUES (5, 5, 'Mollitia sed in sed numquam modi eum velit. At aperiam accusantium sapiente aliquid. Officiis architecto voluptatem quasi rem cupiditate asperiores.', '2011-09-19 19:08:09', '1984-06-13 17:19:11');
INSERT INTO `reviews` (`user_id`, `catalod_id`, `body`, `created_at`, `updated_at`) VALUES (6, 6, 'Aut ut exercitationem qui nemo beatae. In ab ipsum eum veritatis aut tempore fugiat. Cupiditate ex quo ut ratione eius sint.', '1988-03-27 00:40:48', '1990-10-14 04:56:26');
INSERT INTO `reviews` (`user_id`, `catalod_id`, `body`, `created_at`, `updated_at`) VALUES (7, 7, 'Voluptatem deleniti culpa sunt maiores ut sed tenetur. Dolor corrupti quaerat architecto corporis.', '2010-09-16 06:15:30', '1991-09-10 02:43:32');
INSERT INTO `reviews` (`user_id`, `catalod_id`, `body`, `created_at`, `updated_at`) VALUES (8, 8, 'Est in culpa dolorem deserunt deserunt. Dolor et aut minus reprehenderit corrupti perferendis et. Voluptas deleniti architecto occaecati eveniet. Neque quas rem voluptatibus sapiente quia enim officia.', '1989-11-04 10:44:38', '2018-02-17 01:12:52');
INSERT INTO `reviews` (`user_id`, `catalod_id`, `body`, `created_at`, `updated_at`) VALUES (9, 9, 'Dolore soluta molestiae qui voluptatem aut iusto itaque. Repellat et qui ut rerum explicabo minus. Neque aut beatae similique placeat provident. Omnis ea iure rerum ipsam modi dolore dolores.', '2013-02-19 20:52:27', '2011-12-16 10:42:01');
INSERT INTO `reviews` (`user_id`, `catalod_id`, `body`, `created_at`, `updated_at`) VALUES (10, 10, 'Nostrum autem nobis adipisci doloremque temporibus molestiae. Atque fugiat voluptatem ut repudiandae. Et nobis libero enim non. Necessitatibus facilis saepe quod autem recusandae.', '2004-12-10 16:46:18', '2021-03-21 03:57:12');
INSERT INTO `reviews` (`user_id`, `catalod_id`, `body`, `created_at`, `updated_at`) VALUES (11, 11, 'Odit eius facere unde eos pariatur ullam. Officiis qui quam aliquam rerum doloribus aspernatur. Odio in nemo culpa rerum et accusamus. Accusantium ea est ipsa necessitatibus.', '2016-02-20 05:23:45', '2017-06-22 05:05:07');
INSERT INTO `reviews` (`user_id`, `catalod_id`, `body`, `created_at`, `updated_at`) VALUES (12, 12, 'Rerum dolorum sunt omnis est. Sequi totam nihil facere eaque. Esse quam nostrum accusantium consequuntur minima ex ratione nulla. Eos distinctio consequatur ipsum sapiente fugiat eum.', '1985-12-27 03:01:18', '1975-02-08 06:24:13');
INSERT INTO `reviews` (`user_id`, `catalod_id`, `body`, `created_at`, `updated_at`) VALUES (13, 13, 'Soluta vel provident voluptatem iure quidem aut. Asperiores omnis blanditiis maiores placeat. Commodi amet ipsum sed. Repellendus aperiam id rem vel iure mollitia fuga ad.', '2002-10-02 07:27:25', '2007-08-25 14:20:04');
INSERT INTO `reviews` (`user_id`, `catalod_id`, `body`, `created_at`, `updated_at`) VALUES (14, 14, 'Aut laudantium totam perferendis. Et aut excepturi culpa numquam. Qui quis hic voluptas recusandae perspiciatis molestias. Esse numquam natus quis qui tempora non dolore dolor.', '2013-02-16 06:29:59', '2002-12-24 16:42:33');
INSERT INTO `reviews` (`user_id`, `catalod_id`, `body`, `created_at`, `updated_at`) VALUES (15, 15, 'Sit possimus reiciendis voluptatem animi sapiente accusantium. Velit voluptatem id ullam assumenda eum. Sed atque eum repellat est.', '1999-09-20 16:13:00', '1976-10-09 01:05:01');
INSERT INTO `reviews` (`user_id`, `catalod_id`, `body`, `created_at`, `updated_at`) VALUES (16, 16, 'Rerum explicabo eius expedita ipsa. Et assumenda neque sed tempore.', '2008-02-02 18:54:37', '2007-02-08 07:15:36');
INSERT INTO `reviews` (`user_id`, `catalod_id`, `body`, `created_at`, `updated_at`) VALUES (17, 17, 'Sunt vitae ipsum doloremque quis sunt nisi. Unde est consequatur voluptas dolores iste vero officiis. Suscipit autem et quo distinctio doloremque ad.', '1976-01-14 02:44:29', '1996-12-23 18:40:14');
INSERT INTO `reviews` (`user_id`, `catalod_id`, `body`, `created_at`, `updated_at`) VALUES (18, 18, 'Voluptatem fugiat ipsa nam vitae nam tempore. Sed est ex illum vel facilis. Occaecati soluta maiores odit ea molestiae natus.', '2018-06-12 13:15:53', '1995-05-07 21:32:57');
INSERT INTO `reviews` (`user_id`, `catalod_id`, `body`, `created_at`, `updated_at`) VALUES (19, 19, 'Cupiditate officia omnis maiores labore non modi dolores. Dolores occaecati ipsa nostrum nulla maxime. Sed molestiae id consequatur amet sequi.', '1995-09-23 15:57:17', '1979-11-06 07:02:27');
INSERT INTO `reviews` (`user_id`, `catalod_id`, `body`, `created_at`, `updated_at`) VALUES (20, 20, 'Harum nam illum sit suscipit. Quia nihil dolores aut consequatur unde quas. Modi tempora voluptate sit architecto deserunt. Quia consequatur earum voluptatem delectus qui ut itaque.', '1994-09-03 20:28:05', '1976-12-26 15:12:58');
INSERT INTO `reviews` (`user_id`, `catalod_id`, `body`, `created_at`, `updated_at`) VALUES (21, 21, 'Id nulla voluptatem molestiae omnis velit rerum. Nihil quasi dolorem consequatur itaque voluptates iusto. Quaerat nihil consequatur sit quo ut. Consequatur molestiae at in et sint voluptatibus dolor.', '2011-07-19 01:40:40', '1973-03-29 14:16:03');
INSERT INTO `reviews` (`user_id`, `catalod_id`, `body`, `created_at`, `updated_at`) VALUES (22, 22, 'Sit quas officia reiciendis enim quam sapiente quo. Ullam dolore magnam velit laudantium exercitationem sit nihil. Commodi voluptates corporis saepe et.', '1977-08-18 00:39:28', '1974-01-06 20:28:22');
INSERT INTO `reviews` (`user_id`, `catalod_id`, `body`, `created_at`, `updated_at`) VALUES (23, 23, 'Voluptatem sit vitae quisquam numquam labore repudiandae. Laborum aut blanditiis eum est. Veritatis ex quia dolorum sunt.', '1971-02-16 17:44:49', '2017-05-09 05:40:20');
INSERT INTO `reviews` (`user_id`, `catalod_id`, `body`, `created_at`, `updated_at`) VALUES (24, 24, 'Minima fugit rerum vel consequatur. Ipsa enim hic dolorem ut. Repellendus ullam velit totam facilis facere qui odit. Sed dolor enim soluta rem tempore.', '1979-09-19 02:23:54', '1989-06-18 17:56:09');
INSERT INTO `reviews` (`user_id`, `catalod_id`, `body`, `created_at`, `updated_at`) VALUES (25, 25, 'Totam repellat voluptatem qui necessitatibus accusantium. Accusamus magni et quo. Et illum eos tenetur culpa dolor consequatur fugit. Tempore iure assumenda aut perspiciatis et eum.', '1988-05-07 07:20:31', '1975-03-29 05:44:58');
INSERT INTO `reviews` (`user_id`, `catalod_id`, `body`, `created_at`, `updated_at`) VALUES (26, 26, 'Voluptate nihil suscipit maiores totam. Porro velit aspernatur sit officiis. Autem excepturi exercitationem suscipit quia. Omnis nesciunt molestiae quo ut maiores accusamus. Molestias pariatur placeat corrupti tempore ut in voluptas.', '1978-02-13 14:38:52', '1994-01-12 15:54:05');
INSERT INTO `reviews` (`user_id`, `catalod_id`, `body`, `created_at`, `updated_at`) VALUES (27, 27, 'Natus quibusdam natus consequuntur saepe. Corporis maiores sed maiores deleniti. Est sed qui et rerum quas. Nesciunt iusto et harum et.', '2000-09-26 23:59:45', '1988-05-07 09:35:08');
INSERT INTO `reviews` (`user_id`, `catalod_id`, `body`, `created_at`, `updated_at`) VALUES (28, 28, 'Repudiandae temporibus rerum voluptas fugiat ducimus deleniti. Cupiditate sit dolor dolorem aut animi. Et debitis sint minus omnis ea voluptatem molestiae. Tempora ut eaque est molestiae ipsam voluptatem.', '1983-07-18 22:20:35', '2019-11-06 10:22:34');
INSERT INTO `reviews` (`user_id`, `catalod_id`, `body`, `created_at`, `updated_at`) VALUES (29, 29, 'Aut quas consequatur dolores corrupti rerum ducimus autem in. Ipsa velit omnis aliquam. Et ut et quo.', '1973-11-01 10:26:03', '2002-03-13 13:17:37');
INSERT INTO `reviews` (`user_id`, `catalod_id`, `body`, `created_at`, `updated_at`) VALUES (30, 30, 'Aspernatur aut ullam accusantium sed enim. Vel nihil nemo deleniti non magni dolores debitis necessitatibus. Est dolorem enim aut voluptatem ipsam iusto asperiores sint.', '1983-03-11 19:59:20', '2019-05-31 18:40:06');
INSERT INTO `reviews` (`user_id`, `catalod_id`, `body`, `created_at`, `updated_at`) VALUES (31, 31, 'Pariatur quidem eius neque sint iusto reiciendis. Vel repellendus officia ea officiis. Laborum magni quam esse vel labore.', '1982-04-25 03:34:07', '1973-07-07 21:50:01');
INSERT INTO `reviews` (`user_id`, `catalod_id`, `body`, `created_at`, `updated_at`) VALUES (32, 32, 'Et quaerat praesentium voluptate iusto nulla doloribus. Aut animi vitae nostrum nesciunt sed. Nobis perspiciatis optio sint repellat ut ullam deserunt.', '1974-10-26 14:10:56', '1975-04-06 03:47:08');
INSERT INTO `reviews` (`user_id`, `catalod_id`, `body`, `created_at`, `updated_at`) VALUES (33, 33, 'Doloremque soluta soluta nemo voluptas. Aliquam atque rerum consectetur recusandae perferendis fugit.', '1976-07-22 12:18:08', '1991-10-30 22:06:38');
INSERT INTO `reviews` (`user_id`, `catalod_id`, `body`, `created_at`, `updated_at`) VALUES (34, 34, 'Sit accusantium amet cupiditate enim repellendus inventore ut. Magnam odit magni rem sed hic in architecto. Eum aut ratione hic. Esse quod nostrum temporibus dolorem sapiente.', '1994-10-05 07:10:21', '1975-02-10 18:26:42');
INSERT INTO `reviews` (`user_id`, `catalod_id`, `body`, `created_at`, `updated_at`) VALUES (35, 35, 'Eos qui laudantium neque veniam. Itaque quia est aut ducimus.', '2006-03-17 13:21:49', '2018-04-05 20:27:17');
INSERT INTO `reviews` (`user_id`, `catalod_id`, `body`, `created_at`, `updated_at`) VALUES (36, 36, 'Commodi aperiam similique totam possimus omnis qui ut. Doloribus atque ea fugit ex sit. Et officia blanditiis odio at omnis et expedita.', '1972-03-20 21:31:42', '2012-03-21 23:04:12');
INSERT INTO `reviews` (`user_id`, `catalod_id`, `body`, `created_at`, `updated_at`) VALUES (37, 37, 'Accusantium aut nemo architecto ut expedita. Ullam doloribus nisi ab nemo eius recusandae et. Error natus eum quis illum. Dolorem ut ipsum accusantium magni illum saepe.', '2019-11-25 08:36:07', '1979-06-30 02:51:32');
INSERT INTO `reviews` (`user_id`, `catalod_id`, `body`, `created_at`, `updated_at`) VALUES (38, 38, 'Asperiores delectus aut repellat fugiat soluta ullam molestiae. Vel minima id ut velit est saepe deleniti. Eius aut omnis dolor. Ad non officiis laudantium animi aut eveniet.', '2018-01-31 20:41:08', '1980-01-13 11:40:48');
INSERT INTO `reviews` (`user_id`, `catalod_id`, `body`, `created_at`, `updated_at`) VALUES (39, 39, 'Reprehenderit et et ipsum cupiditate eos enim ex. Quasi dolor soluta et quod. Quidem optio voluptatibus nemo.', '2020-11-02 16:13:10', '1980-04-20 09:30:54');
INSERT INTO `reviews` (`user_id`, `catalod_id`, `body`, `created_at`, `updated_at`) VALUES (40, 40, 'Cum molestias et maiores eius. Dolor nostrum dolore et et minima.', '1999-01-01 18:20:35', '1983-12-19 00:47:36');
INSERT INTO `reviews` (`user_id`, `catalod_id`, `body`, `created_at`, `updated_at`) VALUES (41, 41, 'Consequatur ratione quis explicabo nesciunt omnis. Magni fugiat ut eos aspernatur et aliquid quas laudantium. Neque numquam enim aut sint.', '2018-06-12 17:24:04', '1983-02-10 11:22:40');
INSERT INTO `reviews` (`user_id`, `catalod_id`, `body`, `created_at`, `updated_at`) VALUES (42, 42, 'Deleniti corporis cum ullam omnis deleniti est. Ut unde temporibus voluptatem est odio aut ipsam. Quae et dolore facere. Quia iste sapiente sint et laudantium iste quod.', '1996-01-27 18:30:07', '1973-01-31 09:32:09');
INSERT INTO `reviews` (`user_id`, `catalod_id`, `body`, `created_at`, `updated_at`) VALUES (43, 43, 'Rem nulla ullam explicabo iure iusto maiores. A ut occaecati sit id. Optio voluptatem sint natus aut aut aliquid.', '2014-01-05 12:32:35', '2006-05-29 19:30:37');
INSERT INTO `reviews` (`user_id`, `catalod_id`, `body`, `created_at`, `updated_at`) VALUES (44, 44, 'Harum consectetur natus ut culpa impedit minima ipsam. Rerum molestias labore consequuntur maiores aut. Dolores rem ut consequuntur doloremque eveniet.', '2009-06-14 06:13:59', '2011-09-05 12:16:49');
INSERT INTO `reviews` (`user_id`, `catalod_id`, `body`, `created_at`, `updated_at`) VALUES (45, 45, 'Nihil ut alias perspiciatis fugiat excepturi possimus impedit ratione. Sed adipisci facere a voluptatem aperiam repellat. Enim dolor a animi sit.', '2016-03-03 01:17:47', '2005-04-08 21:28:21');
INSERT INTO `reviews` (`user_id`, `catalod_id`, `body`, `created_at`, `updated_at`) VALUES (46, 46, 'Suscipit in nostrum ad ut quae voluptas sunt. Nam illo cum placeat et consectetur. Assumenda nemo nobis deleniti voluptas est rem.', '1992-04-28 05:46:33', '1983-02-18 05:25:38');
INSERT INTO `reviews` (`user_id`, `catalod_id`, `body`, `created_at`, `updated_at`) VALUES (47, 47, 'Cum cupiditate qui recusandae et esse officiis dignissimos. Reprehenderit aut dolore totam tenetur. Accusantium aspernatur est qui cumque quia voluptatem qui. Doloremque omnis commodi iure suscipit ex mollitia. Minus molestiae dolores delectus distinctio.', '2020-01-19 22:32:40', '2016-11-29 10:12:13');
INSERT INTO `reviews` (`user_id`, `catalod_id`, `body`, `created_at`, `updated_at`) VALUES (48, 48, 'Qui quia autem ex. Veniam error omnis est aliquam molestias. Nisi quia consectetur et dolores id.', '2011-02-27 13:43:13', '1980-03-09 04:24:44');
INSERT INTO `reviews` (`user_id`, `catalod_id`, `body`, `created_at`, `updated_at`) VALUES (49, 49, 'Quo pariatur voluptas et et delectus consectetur. Tempore voluptas ipsa velit mollitia sapiente. Iste eius beatae omnis et occaecati blanditiis. Ipsa dicta sed vel.', '1990-07-05 13:53:17', '1999-02-02 19:17:25');
INSERT INTO `reviews` (`user_id`, `catalod_id`, `body`, `created_at`, `updated_at`) VALUES (50, 50, 'Nihil ad ipsum dolorum voluptas voluptas corrupti voluptas. Et vitae odit quos deserunt. Temporibus cum vero quae blanditiis.', '2010-04-17 05:29:06', '1990-01-01 06:42:42');


#
# TABLE STRUCTURE FOR: subscription
#

DROP TABLE IF EXISTS `subscription`;

CREATE TABLE `subscription` (
  `id` int(10) unsigned NOT NULL AUTO_INCREMENT COMMENT 'Идентификатор строки',
  `name` varchar(255) COLLATE utf8mb4_unicode_ci NOT NULL COMMENT 'Сроки подписки',
  `created_at` datetime DEFAULT current_timestamp() COMMENT 'Время создания строки',
  `updated_at` datetime DEFAULT current_timestamp() ON UPDATE current_timestamp() COMMENT 'Время обновления строки',
  PRIMARY KEY (`id`),
  UNIQUE KEY `name` (`name`)
) ENGINE=InnoDB AUTO_INCREMENT=6 DEFAULT CHARSET=utf8mb4 COLLATE=utf8mb4_unicode_ci COMMENT='сроки подписки';

INSERT INTO `subscription` (`id`, `name`, `created_at`, `updated_at`) VALUES (1, 'not', '1970-01-31 22:31:58', '1999-03-26 18:51:43');
INSERT INTO `subscription` (`id`, `name`, `created_at`, `updated_at`) VALUES (2, ' 1 month', '2020-11-05 08:08:05', '1990-03-17 17:34:28');
INSERT INTO `subscription` (`id`, `name`, `created_at`, `updated_at`) VALUES (3, ' 3 month', '1985-03-25 07:45:23', '1997-02-05 11:31:48');
INSERT INTO `subscription` (`id`, `name`, `created_at`, `updated_at`) VALUES (4, '12 month', '2007-07-15 13:45:05', '1989-10-17 03:59:51');
INSERT INTO `subscription` (`id`, `name`, `created_at`, `updated_at`) VALUES (5, ' 6 month', '1997-09-22 15:17:15', '2018-12-20 14:16:30');


#
# TABLE STRUCTURE FOR: type
#

DROP TABLE IF EXISTS `type`;

CREATE TABLE `type` (
  `id` int(10) unsigned NOT NULL AUTO_INCREMENT COMMENT 'Идентификатор строки',
  `name_type` varchar(255) COLLATE utf8mb4_unicode_ci NOT NULL COMMENT 'Название типа',
  `created_at` datetime DEFAULT current_timestamp() COMMENT 'Время создания строки',
  `updated_at` datetime DEFAULT current_timestamp() ON UPDATE current_timestamp() COMMENT 'Время обновления строки',
  PRIMARY KEY (`id`),
  UNIQUE KEY `name_type` (`name_type`)
) ENGINE=InnoDB AUTO_INCREMENT=4 DEFAULT CHARSET=utf8mb4 COLLATE=utf8mb4_unicode_ci COMMENT='название типов';

INSERT INTO `type` (`id`, `name_type`, `created_at`, `updated_at`) VALUES (1, ' serial', '2003-11-23 02:28:41', '1992-02-16 13:52:00');
INSERT INTO `type` (`id`, `name_type`, `created_at`, `updated_at`) VALUES (2, 'film', '1986-04-23 23:16:25', '1973-09-22 10:42:31');
INSERT INTO `type` (`id`, `name_type`, `created_at`, `updated_at`) VALUES (3, ' cartoon', '1986-08-31 11:09:05', '1989-11-04 05:58:46');


#
# TABLE STRUCTURE FOR: users
#

DROP TABLE IF EXISTS `users`;

CREATE TABLE `users` (
  `id` int(10) unsigned NOT NULL AUTO_INCREMENT COMMENT 'Идентификатор строки',
  `first_name` varchar(100) COLLATE utf8mb4_unicode_ci NOT NULL COMMENT 'Имя пользователя',
  `last_name` varchar(100) COLLATE utf8mb4_unicode_ci NOT NULL COMMENT 'Фамилия пользователя',
  `email` varchar(100) COLLATE utf8mb4_unicode_ci NOT NULL COMMENT 'Почта',
  `created_at` datetime DEFAULT current_timestamp() COMMENT 'Время создания строки',
  `updated_at` datetime DEFAULT current_timestamp() ON UPDATE current_timestamp() COMMENT 'Время обновления строки',
  PRIMARY KEY (`id`),
  UNIQUE KEY `email` (`email`)
) ENGINE=InnoDB AUTO_INCREMENT=101 DEFAULT CHARSET=utf8mb4 COLLATE=utf8mb4_unicode_ci COMMENT='Пользователи';

INSERT INTO `users` (`id`, `first_name`, `last_name`, `email`, `created_at`, `updated_at`) VALUES (1, 'Keeley', 'Mayert', 'qbalistreri@example.net', '1984-03-02 22:52:29', '1979-12-23 09:05:42');
INSERT INTO `users` (`id`, `first_name`, `last_name`, `email`, `created_at`, `updated_at`) VALUES (2, 'Estel', 'Lueilwitz', 'flatley.mortimer@example.com', '2005-11-19 09:29:56', '1998-05-24 17:51:05');
INSERT INTO `users` (`id`, `first_name`, `last_name`, `email`, `created_at`, `updated_at`) VALUES (3, 'Stefan', 'Wiegand', 'frederique43@example.com', '1976-11-07 23:09:46', '1975-01-25 13:07:58');
INSERT INTO `users` (`id`, `first_name`, `last_name`, `email`, `created_at`, `updated_at`) VALUES (4, 'Wilma', 'Harvey', 'ondricka.melissa@example.org', '2012-11-24 10:01:30', '2019-03-15 21:47:17');
INSERT INTO `users` (`id`, `first_name`, `last_name`, `email`, `created_at`, `updated_at`) VALUES (5, 'Lisette', 'Bergnaum', 'jerrold59@example.net', '1993-08-04 06:46:15', '2018-01-15 00:15:53');
INSERT INTO `users` (`id`, `first_name`, `last_name`, `email`, `created_at`, `updated_at`) VALUES (6, 'Clifton', 'Bosco', 'mueller.dagmar@example.org', '2010-06-18 02:01:57', '2018-11-28 22:46:49');
INSERT INTO `users` (`id`, `first_name`, `last_name`, `email`, `created_at`, `updated_at`) VALUES (7, 'Audra', 'O\'Conner', 'otha86@example.org', '1997-09-25 14:03:03', '2015-08-09 03:30:39');
INSERT INTO `users` (`id`, `first_name`, `last_name`, `email`, `created_at`, `updated_at`) VALUES (8, 'Alyson', 'Dare', 'otha.brown@example.net', '2006-09-04 16:36:40', '2000-03-10 21:39:55');
INSERT INTO `users` (`id`, `first_name`, `last_name`, `email`, `created_at`, `updated_at`) VALUES (9, 'Gayle', 'Kuhic', 'hegmann.godfrey@example.com', '1987-02-23 06:46:04', '1995-04-16 18:25:34');
INSERT INTO `users` (`id`, `first_name`, `last_name`, `email`, `created_at`, `updated_at`) VALUES (10, 'Porter', 'DuBuque', 'carlie.lindgren@example.net', '2015-09-11 22:30:09', '2001-09-10 07:13:49');
INSERT INTO `users` (`id`, `first_name`, `last_name`, `email`, `created_at`, `updated_at`) VALUES (11, 'Darien', 'Auer', 'breitenberg.cade@example.org', '1974-07-08 02:45:30', '1978-01-01 21:54:43');
INSERT INTO `users` (`id`, `first_name`, `last_name`, `email`, `created_at`, `updated_at`) VALUES (12, 'Delta', 'Dach', 'ypowlowski@example.net', '1975-07-24 20:42:50', '1998-08-30 19:09:10');
INSERT INTO `users` (`id`, `first_name`, `last_name`, `email`, `created_at`, `updated_at`) VALUES (13, 'Leanna', 'Pacocha', 'eduardo01@example.com', '1973-10-20 03:46:36', '1974-11-28 07:50:29');
INSERT INTO `users` (`id`, `first_name`, `last_name`, `email`, `created_at`, `updated_at`) VALUES (14, 'Paolo', 'Ledner', 'tbotsford@example.com', '2021-01-18 07:51:49', '1974-04-24 14:56:46');
INSERT INTO `users` (`id`, `first_name`, `last_name`, `email`, `created_at`, `updated_at`) VALUES (15, 'Carter', 'O\'Hara', 'jsanford@example.net', '1970-11-17 05:48:57', '1978-12-13 02:01:38');
INSERT INTO `users` (`id`, `first_name`, `last_name`, `email`, `created_at`, `updated_at`) VALUES (16, 'Betsy', 'Ratke', 'pagac.felipa@example.net', '2000-03-29 19:06:09', '1976-04-11 17:10:29');
INSERT INTO `users` (`id`, `first_name`, `last_name`, `email`, `created_at`, `updated_at`) VALUES (17, 'Emmalee', 'Lubowitz', 'tyree18@example.com', '1988-11-12 00:41:46', '1983-03-04 07:16:20');
INSERT INTO `users` (`id`, `first_name`, `last_name`, `email`, `created_at`, `updated_at`) VALUES (18, 'Estrella', 'Kessler', 'vicenta90@example.org', '1990-04-26 10:07:04', '1975-07-06 15:51:48');
INSERT INTO `users` (`id`, `first_name`, `last_name`, `email`, `created_at`, `updated_at`) VALUES (19, 'Michele', 'Medhurst', 'euna.gottlieb@example.net', '2008-06-05 05:54:15', '2013-01-28 15:27:35');
INSERT INTO `users` (`id`, `first_name`, `last_name`, `email`, `created_at`, `updated_at`) VALUES (20, 'Jany', 'Harvey', 'domenick.connelly@example.net', '1977-03-07 03:48:44', '1973-03-31 12:50:41');
INSERT INTO `users` (`id`, `first_name`, `last_name`, `email`, `created_at`, `updated_at`) VALUES (21, 'Reyes', 'Kozey', 'gisselle.rath@example.net', '1981-01-27 10:44:35', '1974-12-13 16:45:26');
INSERT INTO `users` (`id`, `first_name`, `last_name`, `email`, `created_at`, `updated_at`) VALUES (22, 'Alessia', 'Hilll', 'neva.dubuque@example.com', '2003-11-11 11:04:47', '1978-06-14 21:20:51');
INSERT INTO `users` (`id`, `first_name`, `last_name`, `email`, `created_at`, `updated_at`) VALUES (23, 'Glen', 'Gibson', 'legros.era@example.org', '1970-05-24 09:25:30', '1988-06-03 12:41:09');
INSERT INTO `users` (`id`, `first_name`, `last_name`, `email`, `created_at`, `updated_at`) VALUES (24, 'Colt', 'Stamm', 'agustin02@example.net', '2019-04-26 04:36:34', '1984-09-01 20:45:57');
INSERT INTO `users` (`id`, `first_name`, `last_name`, `email`, `created_at`, `updated_at`) VALUES (25, 'Keely', 'Mraz', 'muller.malinda@example.net', '1986-09-18 08:58:18', '1976-04-01 04:10:08');
INSERT INTO `users` (`id`, `first_name`, `last_name`, `email`, `created_at`, `updated_at`) VALUES (26, 'Jamie', 'O\'Kon', 'wlittle@example.org', '1996-10-24 01:23:51', '2018-12-25 08:53:49');
INSERT INTO `users` (`id`, `first_name`, `last_name`, `email`, `created_at`, `updated_at`) VALUES (27, 'Marlin', 'Connelly', 'destini66@example.org', '1978-05-25 17:57:37', '1985-02-15 13:00:00');
INSERT INTO `users` (`id`, `first_name`, `last_name`, `email`, `created_at`, `updated_at`) VALUES (28, 'Dan', 'Fay', 'rafael44@example.net', '2012-07-18 22:56:01', '2008-08-13 07:38:08');
INSERT INTO `users` (`id`, `first_name`, `last_name`, `email`, `created_at`, `updated_at`) VALUES (29, 'Ken', 'Harvey', 'kelley25@example.net', '1984-10-18 17:52:56', '2017-11-12 14:20:51');
INSERT INTO `users` (`id`, `first_name`, `last_name`, `email`, `created_at`, `updated_at`) VALUES (30, 'Tomasa', 'Gottlieb', 'antonetta73@example.net', '1991-12-13 02:10:17', '1987-02-11 01:40:06');
INSERT INTO `users` (`id`, `first_name`, `last_name`, `email`, `created_at`, `updated_at`) VALUES (31, 'Ernest', 'Padberg', 'steuber.alexander@example.com', '1974-02-09 06:17:57', '1980-05-06 20:26:25');
INSERT INTO `users` (`id`, `first_name`, `last_name`, `email`, `created_at`, `updated_at`) VALUES (32, 'Kaitlyn', 'Kling', 'ondricka.augustine@example.org', '1987-08-31 16:57:28', '2013-12-28 01:09:07');
INSERT INTO `users` (`id`, `first_name`, `last_name`, `email`, `created_at`, `updated_at`) VALUES (33, 'Santino', 'Buckridge', 'sfeeney@example.net', '2006-01-19 08:53:27', '1972-03-19 21:22:46');
INSERT INTO `users` (`id`, `first_name`, `last_name`, `email`, `created_at`, `updated_at`) VALUES (34, 'Erica', 'Nitzsche', 'kaufderhar@example.org', '2003-06-22 08:14:22', '1977-01-04 00:25:31');
INSERT INTO `users` (`id`, `first_name`, `last_name`, `email`, `created_at`, `updated_at`) VALUES (35, 'Ed', 'Klein', 'keara98@example.net', '1975-04-29 22:52:07', '2013-05-25 19:43:08');
INSERT INTO `users` (`id`, `first_name`, `last_name`, `email`, `created_at`, `updated_at`) VALUES (36, 'Johnathon', 'McDermott', 'kcorkery@example.com', '2011-03-23 07:55:30', '2013-07-19 04:20:38');
INSERT INTO `users` (`id`, `first_name`, `last_name`, `email`, `created_at`, `updated_at`) VALUES (37, 'Jerrod', 'Swaniawski', 'jerde.jan@example.net', '1988-12-22 12:31:42', '2008-10-06 13:49:55');
INSERT INTO `users` (`id`, `first_name`, `last_name`, `email`, `created_at`, `updated_at`) VALUES (38, 'Alverta', 'Hessel', 'swaniawski.ryleigh@example.org', '2014-03-20 15:38:02', '2004-12-10 20:54:58');
INSERT INTO `users` (`id`, `first_name`, `last_name`, `email`, `created_at`, `updated_at`) VALUES (39, 'Vella', 'Wintheiser', 'wava04@example.org', '2018-03-05 14:39:22', '2004-02-16 14:30:06');
INSERT INTO `users` (`id`, `first_name`, `last_name`, `email`, `created_at`, `updated_at`) VALUES (40, 'Tremayne', 'Tremblay', 'mattie.gusikowski@example.com', '1976-09-09 09:01:34', '2020-04-22 04:24:27');
INSERT INTO `users` (`id`, `first_name`, `last_name`, `email`, `created_at`, `updated_at`) VALUES (41, 'Vince', 'Frami', 'nikko.barrows@example.org', '2014-11-03 11:29:24', '1981-05-13 22:27:29');
INSERT INTO `users` (`id`, `first_name`, `last_name`, `email`, `created_at`, `updated_at`) VALUES (42, 'Kayla', 'Simonis', 'hansen.lue@example.net', '1997-12-21 21:43:10', '1996-02-05 10:07:20');
INSERT INTO `users` (`id`, `first_name`, `last_name`, `email`, `created_at`, `updated_at`) VALUES (43, 'Lizeth', 'Jacobson', 'nathanial84@example.net', '2014-01-30 05:38:01', '2013-01-02 17:22:13');
INSERT INTO `users` (`id`, `first_name`, `last_name`, `email`, `created_at`, `updated_at`) VALUES (44, 'Enoch', 'Leffler', 'aniyah.ullrich@example.net', '1979-09-20 05:10:11', '1977-07-05 17:17:47');
INSERT INTO `users` (`id`, `first_name`, `last_name`, `email`, `created_at`, `updated_at`) VALUES (45, 'Darion', 'Grady', 'demetris.johnston@example.com', '1994-07-18 11:58:04', '1975-07-06 07:01:15');
INSERT INTO `users` (`id`, `first_name`, `last_name`, `email`, `created_at`, `updated_at`) VALUES (46, 'Columbus', 'Mosciski', 'mariam54@example.net', '2007-05-29 10:09:51', '2005-11-29 12:08:59');
INSERT INTO `users` (`id`, `first_name`, `last_name`, `email`, `created_at`, `updated_at`) VALUES (47, 'Ross', 'Dietrich', 'bobbie.bailey@example.org', '2010-01-15 18:17:42', '1994-11-10 01:13:01');
INSERT INTO `users` (`id`, `first_name`, `last_name`, `email`, `created_at`, `updated_at`) VALUES (48, 'Assunta', 'Goodwin', 'mosciski.zelda@example.org', '1987-10-02 10:34:09', '1992-01-21 12:39:03');
INSERT INTO `users` (`id`, `first_name`, `last_name`, `email`, `created_at`, `updated_at`) VALUES (49, 'Jeffery', 'Trantow', 'alexa.emmerich@example.net', '2013-12-15 06:11:38', '1988-09-23 19:06:27');
INSERT INTO `users` (`id`, `first_name`, `last_name`, `email`, `created_at`, `updated_at`) VALUES (50, 'Santiago', 'Crona', 'anicolas@example.org', '1984-06-30 12:38:18', '2000-10-01 17:57:52');
INSERT INTO `users` (`id`, `first_name`, `last_name`, `email`, `created_at`, `updated_at`) VALUES (51, 'Tomas', 'Beer', 'opal74@example.org', '2003-02-02 10:08:23', '1996-08-14 05:32:59');
INSERT INTO `users` (`id`, `first_name`, `last_name`, `email`, `created_at`, `updated_at`) VALUES (52, 'Brenda', 'Conroy', 'itzel.cruickshank@example.com', '2009-12-05 09:49:48', '2005-05-06 10:19:34');
INSERT INTO `users` (`id`, `first_name`, `last_name`, `email`, `created_at`, `updated_at`) VALUES (53, 'Brain', 'Torphy', 'tbrown@example.com', '1998-06-29 16:30:24', '1986-05-18 18:15:54');
INSERT INTO `users` (`id`, `first_name`, `last_name`, `email`, `created_at`, `updated_at`) VALUES (54, 'Pattie', 'Fisher', 'hilll.deonte@example.org', '1983-02-15 18:13:23', '2000-08-14 05:44:35');
INSERT INTO `users` (`id`, `first_name`, `last_name`, `email`, `created_at`, `updated_at`) VALUES (55, 'Desmond', 'Graham', 'white.alison@example.com', '1982-10-22 12:07:57', '1974-07-05 23:55:28');
INSERT INTO `users` (`id`, `first_name`, `last_name`, `email`, `created_at`, `updated_at`) VALUES (56, 'Alec', 'Bartoletti', 'aiden.johns@example.com', '1989-10-11 10:42:51', '1971-08-30 00:35:30');
INSERT INTO `users` (`id`, `first_name`, `last_name`, `email`, `created_at`, `updated_at`) VALUES (57, 'Dean', 'Sporer', 'glover.ferne@example.com', '1979-11-18 02:05:32', '1976-10-12 09:17:54');
INSERT INTO `users` (`id`, `first_name`, `last_name`, `email`, `created_at`, `updated_at`) VALUES (58, 'Ladarius', 'Jast', 'gusikowski.tommie@example.com', '2008-01-25 09:03:10', '1974-09-24 06:47:34');
INSERT INTO `users` (`id`, `first_name`, `last_name`, `email`, `created_at`, `updated_at`) VALUES (59, 'Dorian', 'Predovic', 'uriah.denesik@example.org', '1989-04-24 08:24:55', '1995-07-29 18:11:33');
INSERT INTO `users` (`id`, `first_name`, `last_name`, `email`, `created_at`, `updated_at`) VALUES (60, 'Carleton', 'Gaylord', 'edgar.bradtke@example.org', '1995-01-17 19:11:00', '1975-12-21 06:09:15');
INSERT INTO `users` (`id`, `first_name`, `last_name`, `email`, `created_at`, `updated_at`) VALUES (61, 'Nakia', 'Walter', 'maxie.feest@example.org', '1975-08-10 07:19:04', '2014-07-19 12:46:54');
INSERT INTO `users` (`id`, `first_name`, `last_name`, `email`, `created_at`, `updated_at`) VALUES (62, 'Therese', 'Purdy', 'sonny.stiedemann@example.com', '1993-11-20 13:46:56', '2006-07-13 14:45:26');
INSERT INTO `users` (`id`, `first_name`, `last_name`, `email`, `created_at`, `updated_at`) VALUES (63, 'Fredy', 'Hilpert', 'hammes.cecilia@example.com', '2012-04-23 04:55:19', '2011-05-16 21:32:59');
INSERT INTO `users` (`id`, `first_name`, `last_name`, `email`, `created_at`, `updated_at`) VALUES (64, 'Aryanna', 'Torp', 'aquigley@example.com', '2009-09-14 08:38:21', '1999-11-06 23:00:57');
INSERT INTO `users` (`id`, `first_name`, `last_name`, `email`, `created_at`, `updated_at`) VALUES (65, 'Mable', 'Ferry', 'vaughn51@example.net', '2020-07-31 04:05:29', '2013-11-28 13:50:17');
INSERT INTO `users` (`id`, `first_name`, `last_name`, `email`, `created_at`, `updated_at`) VALUES (66, 'Ladarius', 'Wolff', 'moses88@example.com', '2015-06-15 18:26:16', '2007-10-18 10:51:30');
INSERT INTO `users` (`id`, `first_name`, `last_name`, `email`, `created_at`, `updated_at`) VALUES (67, 'Jude', 'Rutherford', 'bhirthe@example.com', '2000-04-26 04:08:09', '1992-06-28 19:43:33');
INSERT INTO `users` (`id`, `first_name`, `last_name`, `email`, `created_at`, `updated_at`) VALUES (68, 'Jett', 'Kshlerin', 'myrtice40@example.org', '1975-03-23 03:36:39', '1986-11-13 17:48:45');
INSERT INTO `users` (`id`, `first_name`, `last_name`, `email`, `created_at`, `updated_at`) VALUES (69, 'Rozella', 'Gottlieb', 'carmel.gusikowski@example.org', '1993-03-20 17:32:49', '2007-04-02 09:42:50');
INSERT INTO `users` (`id`, `first_name`, `last_name`, `email`, `created_at`, `updated_at`) VALUES (70, 'Jacky', 'Schimmel', 'xhomenick@example.org', '1974-03-09 07:44:57', '2009-12-04 16:19:35');
INSERT INTO `users` (`id`, `first_name`, `last_name`, `email`, `created_at`, `updated_at`) VALUES (71, 'Monserrat', 'Mohr', 'henry.goldner@example.net', '1997-07-24 16:31:26', '2016-03-24 00:18:22');
INSERT INTO `users` (`id`, `first_name`, `last_name`, `email`, `created_at`, `updated_at`) VALUES (72, 'Newton', 'Upton', 'ramiro66@example.org', '2014-10-17 20:09:43', '1990-09-02 06:02:08');
INSERT INTO `users` (`id`, `first_name`, `last_name`, `email`, `created_at`, `updated_at`) VALUES (73, 'Wendy', 'McCullough', 'sarah.corkery@example.net', '2010-10-26 17:40:10', '2011-08-04 09:12:37');
INSERT INTO `users` (`id`, `first_name`, `last_name`, `email`, `created_at`, `updated_at`) VALUES (74, 'Elmore', 'Emmerich', 'trunolfsson@example.org', '1975-02-23 11:50:48', '2018-03-25 01:14:03');
INSERT INTO `users` (`id`, `first_name`, `last_name`, `email`, `created_at`, `updated_at`) VALUES (75, 'Ramona', 'Kulas', 'dweber@example.com', '1991-12-13 08:10:53', '2003-12-16 21:50:53');
INSERT INTO `users` (`id`, `first_name`, `last_name`, `email`, `created_at`, `updated_at`) VALUES (76, 'Talia', 'Ortiz', 'hyman64@example.org', '1976-02-28 21:15:34', '2019-04-11 12:53:26');
INSERT INTO `users` (`id`, `first_name`, `last_name`, `email`, `created_at`, `updated_at`) VALUES (77, 'Roscoe', 'Kub', 'lyda56@example.org', '1997-10-06 20:00:06', '1990-04-23 16:50:56');
INSERT INTO `users` (`id`, `first_name`, `last_name`, `email`, `created_at`, `updated_at`) VALUES (78, 'Ceasar', 'Leannon', 'hharvey@example.net', '2020-03-19 22:53:21', '1979-12-19 04:01:39');
INSERT INTO `users` (`id`, `first_name`, `last_name`, `email`, `created_at`, `updated_at`) VALUES (79, 'Jacinto', 'O\'Hara', 'schmitt.hazle@example.com', '1974-08-15 14:47:58', '1999-09-22 05:15:04');
INSERT INTO `users` (`id`, `first_name`, `last_name`, `email`, `created_at`, `updated_at`) VALUES (80, 'Floyd', 'Balistreri', 'kuvalis.erin@example.org', '1974-08-04 21:48:10', '2005-12-09 19:42:21');
INSERT INTO `users` (`id`, `first_name`, `last_name`, `email`, `created_at`, `updated_at`) VALUES (81, 'Cathy', 'Quitzon', 'borer.kelton@example.org', '1978-09-09 20:05:37', '1978-07-20 23:27:13');
INSERT INTO `users` (`id`, `first_name`, `last_name`, `email`, `created_at`, `updated_at`) VALUES (82, 'Gerald', 'Spencer', 'rafaela63@example.net', '2004-12-03 13:35:31', '1999-09-04 02:33:05');
INSERT INTO `users` (`id`, `first_name`, `last_name`, `email`, `created_at`, `updated_at`) VALUES (83, 'Dolores', 'Reinger', 'kaela66@example.org', '1985-05-07 18:17:42', '1999-08-25 08:49:22');
INSERT INTO `users` (`id`, `first_name`, `last_name`, `email`, `created_at`, `updated_at`) VALUES (84, 'Deangelo', 'Dare', 'cindy89@example.org', '2010-11-14 01:11:41', '2001-10-09 11:23:16');
INSERT INTO `users` (`id`, `first_name`, `last_name`, `email`, `created_at`, `updated_at`) VALUES (85, 'Harrison', 'Hudson', 'jordi.rath@example.net', '2018-12-28 21:45:11', '1975-06-10 07:01:57');
INSERT INTO `users` (`id`, `first_name`, `last_name`, `email`, `created_at`, `updated_at`) VALUES (86, 'Deron', 'Cummerata', 'daron46@example.com', '2017-08-01 00:27:24', '1998-06-17 15:35:18');
INSERT INTO `users` (`id`, `first_name`, `last_name`, `email`, `created_at`, `updated_at`) VALUES (87, 'Deangelo', 'Kiehn', 'yquitzon@example.org', '2001-05-30 14:44:00', '2019-07-10 04:40:30');
INSERT INTO `users` (`id`, `first_name`, `last_name`, `email`, `created_at`, `updated_at`) VALUES (88, 'Tyrell', 'Cummings', 'mkautzer@example.com', '1989-06-14 12:43:40', '2011-06-19 14:58:24');
INSERT INTO `users` (`id`, `first_name`, `last_name`, `email`, `created_at`, `updated_at`) VALUES (89, 'Clementine', 'Graham', 'jevon79@example.org', '1972-05-15 14:08:38', '2014-06-12 22:04:04');
INSERT INTO `users` (`id`, `first_name`, `last_name`, `email`, `created_at`, `updated_at`) VALUES (90, 'Maia', 'Maggio', 'qdenesik@example.org', '1997-02-28 16:24:40', '2011-10-06 11:48:16');
INSERT INTO `users` (`id`, `first_name`, `last_name`, `email`, `created_at`, `updated_at`) VALUES (91, 'Emile', 'Bartoletti', 'hkirlin@example.com', '2004-12-17 19:00:15', '2020-11-13 08:14:39');
INSERT INTO `users` (`id`, `first_name`, `last_name`, `email`, `created_at`, `updated_at`) VALUES (92, 'Janelle', 'Bailey', 'mariano30@example.net', '1993-03-13 01:46:58', '1995-08-09 16:04:34');
INSERT INTO `users` (`id`, `first_name`, `last_name`, `email`, `created_at`, `updated_at`) VALUES (93, 'Jaquelin', 'Bins', 'arlene.wiza@example.org', '2000-10-01 18:33:11', '2005-11-26 06:02:16');
INSERT INTO `users` (`id`, `first_name`, `last_name`, `email`, `created_at`, `updated_at`) VALUES (94, 'Marianne', 'Jakubowski', 'reese81@example.net', '2001-08-07 11:02:25', '2015-12-02 22:14:00');
INSERT INTO `users` (`id`, `first_name`, `last_name`, `email`, `created_at`, `updated_at`) VALUES (95, 'Caesar', 'Runolfsdottir', 'wkautzer@example.net', '1995-12-31 19:33:14', '1980-05-12 23:58:29');
INSERT INTO `users` (`id`, `first_name`, `last_name`, `email`, `created_at`, `updated_at`) VALUES (96, 'Ruth', 'Bartoletti', 'royce.daniel@example.com', '2016-04-01 06:40:37', '2003-11-24 07:07:57');
INSERT INTO `users` (`id`, `first_name`, `last_name`, `email`, `created_at`, `updated_at`) VALUES (97, 'Lewis', 'Moen', 'bartoletti.leann@example.com', '1971-08-29 15:14:51', '2008-09-12 21:13:17');
INSERT INTO `users` (`id`, `first_name`, `last_name`, `email`, `created_at`, `updated_at`) VALUES (98, 'Jerel', 'Batz', 'major14@example.com', '2015-10-22 00:27:29', '1971-09-30 13:04:18');
INSERT INTO `users` (`id`, `first_name`, `last_name`, `email`, `created_at`, `updated_at`) VALUES (99, 'Hilma', 'Daniel', 'vernice.oberbrunner@example.org', '1970-07-04 04:21:05', '1983-09-29 04:48:00');
INSERT INTO `users` (`id`, `first_name`, `last_name`, `email`, `created_at`, `updated_at`) VALUES (100, 'Joanne', 'Jerde', 'kaela.stamm@example.org', '1981-09-25 19:34:06', '2014-01-19 08:33:22');


#
# TABLE STRUCTURE FOR: video
#

DROP TABLE IF EXISTS `video`;

CREATE TABLE `video` (
  `catalod_id` int(10) unsigned NOT NULL COMMENT 'Ссылка на каталог',
  `reviews_id` int(10) unsigned NOT NULL COMMENT 'Ссылка на рецензию',
  `format_id` int(10) unsigned NOT NULL COMMENT 'Ссылка на формат',
  `feedback_id` int(10) unsigned NOT NULL COMMENT 'Ссылка на отзывы',
  `story` text COLLATE utf8mb4_unicode_ci NOT NULL COMMENT 'Текст сюжета',
  `created_at` datetime DEFAULT current_timestamp() COMMENT 'Время создания строки',
  `updated_at` datetime DEFAULT current_timestamp() ON UPDATE current_timestamp() COMMENT 'Время обновления строки'
) ENGINE=InnoDB DEFAULT CHARSET=utf8mb4 COLLATE=utf8mb4_unicode_ci COMMENT='профиль видео';

INSERT INTO `video` (`catalod_id`, `reviews_id`, `format_id`, `feedback_id`, `story`, `created_at`, `updated_at`) VALUES (1, 98924623, 2, 0, 'Ullam qui accusamus est fugit enim beatae repellat. Iure at ut molestiae placeat fuga. Est aut eum ipsam provident autem. Possimus fugit similique culpa dolore.', '1973-08-15 12:42:21', '1978-05-15 13:18:21');
INSERT INTO `video` (`catalod_id`, `reviews_id`, `format_id`, `feedback_id`, `story`, `created_at`, `updated_at`) VALUES (2, 0, 1, 703999661, 'Quidem maiores occaecati sit minima. Consequatur animi et enim pariatur amet. Ratione sed odio qui. Iure fugiat aliquid cum quisquam fugiat.', '1996-03-20 17:42:03', '1990-07-23 02:17:37');
INSERT INTO `video` (`catalod_id`, `reviews_id`, `format_id`, `feedback_id`, `story`, `created_at`, `updated_at`) VALUES (3, 0, 1, 85737, 'Vitae ut ducimus qui id qui error. Voluptatum sit est molestiae consequatur. Magnam aut unde consectetur fugit. Officiis numquam velit sequi asperiores nemo sit.', '2006-06-27 09:21:52', '1971-07-15 10:03:56');
INSERT INTO `video` (`catalod_id`, `reviews_id`, `format_id`, `feedback_id`, `story`, `created_at`, `updated_at`) VALUES (4, 0, 1, 0, 'Cum voluptatem voluptate dolor porro magnam quo. Accusamus sapiente sunt sequi quia. In consequatur alias sapiente. Sed autem dolorem sed alias.', '1978-09-07 06:11:21', '1977-03-13 09:27:34');
INSERT INTO `video` (`catalod_id`, `reviews_id`, `format_id`, `feedback_id`, `story`, `created_at`, `updated_at`) VALUES (5, 0, 2, 585734, 'Quibusdam nemo aperiam qui quisquam laudantium nam. Et voluptas ut ab. Sint magni ad quo inventore consequuntur.', '1992-12-06 04:40:38', '1996-01-22 11:28:58');
INSERT INTO `video` (`catalod_id`, `reviews_id`, `format_id`, `feedback_id`, `story`, `created_at`, `updated_at`) VALUES (6, 696385862, 1, 2891690, 'Quae rem quas accusamus cum. Dolorem officia provident quia culpa quia. Dolorem provident quis recusandae quae corporis. Ad neque aspernatur exercitationem iste sit nemo.', '1985-09-04 17:49:00', '1975-03-24 10:56:52');
INSERT INTO `video` (`catalod_id`, `reviews_id`, `format_id`, `feedback_id`, `story`, `created_at`, `updated_at`) VALUES (7, 0, 2, 0, 'Ut ipsum voluptate natus. Nulla molestiae corrupti maxime rerum occaecati totam harum. Consequatur deserunt perspiciatis qui laborum voluptas voluptas. Qui quos rem officia ut animi ut.', '1983-11-14 00:27:19', '1999-08-29 12:36:19');
INSERT INTO `video` (`catalod_id`, `reviews_id`, `format_id`, `feedback_id`, `story`, `created_at`, `updated_at`) VALUES (8, 0, 3, 0, 'Ratione ducimus totam sit magni officiis minima. Provident et commodi perferendis doloremque neque. Ut et nisi praesentium architecto natus quos doloremque. Voluptatem pariatur sapiente a eius ipsum.', '1994-08-17 20:19:53', '1997-09-19 00:17:43');
INSERT INTO `video` (`catalod_id`, `reviews_id`, `format_id`, `feedback_id`, `story`, `created_at`, `updated_at`) VALUES (9, 420194657, 2, 5, 'Molestias est quo dolore enim aut laborum. Quas exercitationem et facere repellat sit. A similique eligendi non doloribus ab incidunt.', '1985-11-29 05:31:27', '2006-03-14 04:00:38');
INSERT INTO `video` (`catalod_id`, `reviews_id`, `format_id`, `feedback_id`, `story`, `created_at`, `updated_at`) VALUES (10, 0, 1, 2143994, 'Ipsa saepe et ullam quibusdam dicta voluptatem. Quia quo qui qui accusamus cum. Quasi consequuntur qui quo aspernatur similique dolorem.', '1987-08-18 00:55:12', '1995-10-15 08:39:35');
INSERT INTO `video` (`catalod_id`, `reviews_id`, `format_id`, `feedback_id`, `story`, `created_at`, `updated_at`) VALUES (11, 196322965, 3, 331236, 'Perferendis non eos unde voluptatem. Cumque repudiandae quia enim sed esse et. Sit rerum et aut ut. Nemo sed sed necessitatibus id repellat minima dolorum vitae. Excepturi possimus dolores omnis.', '2000-12-27 06:45:01', '1989-08-02 10:24:59');
INSERT INTO `video` (`catalod_id`, `reviews_id`, `format_id`, `feedback_id`, `story`, `created_at`, `updated_at`) VALUES (12, 5532636, 3, 166107, 'Minima ratione hic et veritatis voluptatem. Sed autem architecto ipsum. Eum voluptatum quas nostrum ut quia. Aut expedita rerum quasi saepe sequi.', '2002-11-20 10:03:52', '1986-01-27 19:09:43');
INSERT INTO `video` (`catalod_id`, `reviews_id`, `format_id`, `feedback_id`, `story`, `created_at`, `updated_at`) VALUES (13, 2787506, 3, 87, 'Est ullam cum et aut repudiandae. Omnis cupiditate aut ut occaecati quas. Suscipit ab velit quis. Nobis reprehenderit qui sit qui qui.', '1996-11-15 08:32:19', '1990-05-15 19:24:05');
INSERT INTO `video` (`catalod_id`, `reviews_id`, `format_id`, `feedback_id`, `story`, `created_at`, `updated_at`) VALUES (14, 0, 1, 0, 'Molestias placeat tempora nostrum ut consequatur assumenda temporibus et. Facilis iste officiis quis quia. Labore illo minus sint a ipsa libero dolore autem.', '2007-09-23 16:07:31', '2015-09-24 01:18:45');
INSERT INTO `video` (`catalod_id`, `reviews_id`, `format_id`, `feedback_id`, `story`, `created_at`, `updated_at`) VALUES (15, 0, 1, 539, 'Vitae quasi libero assumenda quo tempore veniam adipisci. Sequi inventore sed quae enim mollitia minima. Ut exercitationem voluptatem impedit pariatur nemo.', '1990-05-19 12:32:23', '2005-05-21 13:07:15');
INSERT INTO `video` (`catalod_id`, `reviews_id`, `format_id`, `feedback_id`, `story`, `created_at`, `updated_at`) VALUES (16, 0, 1, 0, 'Quo minima cumque dolores et. Ut illum aut eum dicta architecto corrupti ea. Omnis ducimus ab quia mollitia laboriosam asperiores eveniet. Nobis doloribus quod esse sapiente.', '1986-11-02 23:22:38', '2000-12-29 14:53:33');
INSERT INTO `video` (`catalod_id`, `reviews_id`, `format_id`, `feedback_id`, `story`, `created_at`, `updated_at`) VALUES (17, 0, 1, 496656, 'Tenetur ad vel ea quia molestiae excepturi. Beatae vero eos harum ut. Rerum in distinctio et. Veritatis ab temporibus quidem.', '1973-01-22 05:22:18', '2009-10-19 08:12:39');
INSERT INTO `video` (`catalod_id`, `reviews_id`, `format_id`, `feedback_id`, `story`, `created_at`, `updated_at`) VALUES (18, 6055, 2, 11, 'Voluptatem voluptatibus nostrum eos nam dolorum et fugiat. Rerum iure vitae eos pariatur praesentium. Et natus magnam assumenda neque possimus id. Et vero corrupti rem aperiam ab.', '2010-07-17 18:58:25', '2014-09-18 04:28:41');
INSERT INTO `video` (`catalod_id`, `reviews_id`, `format_id`, `feedback_id`, `story`, `created_at`, `updated_at`) VALUES (19, 0, 1, 0, 'Tempore quo non voluptatem vel temporibus. Itaque earum necessitatibus illum quas esse reiciendis. Nisi qui quo error. Vel quia voluptate debitis non vero nesciunt.', '1991-11-22 18:57:06', '1989-09-25 13:12:45');
INSERT INTO `video` (`catalod_id`, `reviews_id`, `format_id`, `feedback_id`, `story`, `created_at`, `updated_at`) VALUES (20, 697, 1, 0, 'Nihil voluptas dolorum ut et nobis velit molestiae. Cupiditate consequatur est nihil sit illo. Similique et voluptates itaque et. Ipsum natus ad sed doloremque. Ex officiis dolore nihil consequatur.', '1997-08-24 04:18:06', '2016-03-25 22:34:48');
INSERT INTO `video` (`catalod_id`, `reviews_id`, `format_id`, `feedback_id`, `story`, `created_at`, `updated_at`) VALUES (21, 0, 2, 0, 'Ea fugiat et id et. Qui impedit omnis minus voluptatem. Voluptatibus quia est reiciendis amet facilis reiciendis.', '1973-06-02 07:57:02', '1974-01-28 18:30:16');
INSERT INTO `video` (`catalod_id`, `reviews_id`, `format_id`, `feedback_id`, `story`, `created_at`, `updated_at`) VALUES (22, 0, 1, 0, 'Voluptas et facere reiciendis aperiam voluptatem. Dolore iusto ut corporis quia aspernatur voluptatem. Labore ex nostrum deserunt qui neque earum vel.', '2001-02-10 20:22:16', '2017-03-07 03:56:17');
INSERT INTO `video` (`catalod_id`, `reviews_id`, `format_id`, `feedback_id`, `story`, `created_at`, `updated_at`) VALUES (23, 185959081, 1, 3, 'Facilis qui consequatur sapiente officiis suscipit occaecati reprehenderit et. Amet repudiandae placeat ut ratione aliquid ducimus et. Distinctio dolores quis odio et dolor eum saepe.', '1995-08-31 03:44:20', '2009-09-08 23:23:15');
INSERT INTO `video` (`catalod_id`, `reviews_id`, `format_id`, `feedback_id`, `story`, `created_at`, `updated_at`) VALUES (24, 7, 3, 0, 'Rerum debitis nemo voluptas quibusdam commodi. Voluptatem amet rerum asperiores velit. Aut mollitia et dolore aut inventore id nisi.', '1978-11-17 22:12:41', '2007-01-29 23:01:02');
INSERT INTO `video` (`catalod_id`, `reviews_id`, `format_id`, `feedback_id`, `story`, `created_at`, `updated_at`) VALUES (25, 6, 2, 0, 'Magnam laboriosam illum cum ea nihil. Impedit accusamus nihil quidem dolores temporibus placeat et. Ut illo et aut excepturi dolores velit.', '1991-01-18 19:41:39', '2013-01-10 23:06:43');
INSERT INTO `video` (`catalod_id`, `reviews_id`, `format_id`, `feedback_id`, `story`, `created_at`, `updated_at`) VALUES (26, 85110030, 1, 0, 'Quia voluptatem ut ea rerum magnam et reprehenderit reprehenderit. Aperiam et eum et nihil et nihil et deleniti. Enim adipisci reprehenderit sunt in quia.', '2009-09-17 03:50:32', '1977-06-07 16:00:40');
INSERT INTO `video` (`catalod_id`, `reviews_id`, `format_id`, `feedback_id`, `story`, `created_at`, `updated_at`) VALUES (27, 55, 2, 21144448, 'Eligendi omnis ducimus sunt quibusdam. Non earum amet exercitationem aliquid dolores.\nSit suscipit quis officia facere. Exercitationem velit ut quae repudiandae.', '1979-07-01 15:21:20', '1978-04-25 06:26:11');
INSERT INTO `video` (`catalod_id`, `reviews_id`, `format_id`, `feedback_id`, `story`, `created_at`, `updated_at`) VALUES (28, 43923282, 2, 11236618, 'Qui et ut quis repudiandae eveniet ad aut. Sapiente adipisci consequatur laboriosam dolorem ratione consequatur nobis. Tempore quisquam soluta dignissimos.', '2013-06-03 12:54:05', '1991-04-12 06:48:16');
INSERT INTO `video` (`catalod_id`, `reviews_id`, `format_id`, `feedback_id`, `story`, `created_at`, `updated_at`) VALUES (29, 0, 3, 0, 'Unde odit est dolor velit. Aperiam ut esse ut repellendus quia aspernatur molestiae. Suscipit qui in voluptatem ducimus est.', '1998-01-15 02:28:54', '2014-11-04 11:49:28');
INSERT INTO `video` (`catalod_id`, `reviews_id`, `format_id`, `feedback_id`, `story`, `created_at`, `updated_at`) VALUES (30, 0, 2, 96204841, 'At optio voluptatibus quibusdam consequatur harum id. At eaque vel in nostrum qui. Id quod occaecati id dolore. Nobis dolores eum tempora maiores sed ut. Rerum velit eum minima occaecati amet.', '1982-09-23 08:28:06', '1997-07-16 15:02:57');
INSERT INTO `video` (`catalod_id`, `reviews_id`, `format_id`, `feedback_id`, `story`, `created_at`, `updated_at`) VALUES (31, 0, 2, 0, 'Dolorem iusto quas autem qui commodi laudantium. Aut ea asperiores omnis quia. Beatae optio sit deleniti. Quia quasi inventore aperiam vel.', '1981-01-02 03:41:06', '1991-08-03 08:43:49');
INSERT INTO `video` (`catalod_id`, `reviews_id`, `format_id`, `feedback_id`, `story`, `created_at`, `updated_at`) VALUES (32, 622, 3, 0, 'Rerum quia quia totam qui. Aut quasi commodi aut eum nam. Eos cupiditate blanditiis temporibus hic quos.', '1986-09-15 02:43:32', '2019-07-21 18:46:09');
INSERT INTO `video` (`catalod_id`, `reviews_id`, `format_id`, `feedback_id`, `story`, `created_at`, `updated_at`) VALUES (33, 0, 1, 79528128, 'Nobis eligendi ut minima sunt debitis tenetur perspiciatis. Voluptatem odit ut doloribus. Rem totam dolore minima alias.\nDolor dolor deserunt quo et. Possimus autem aut et magnam doloremque.', '2016-04-08 20:28:25', '2000-03-10 05:14:08');
INSERT INTO `video` (`catalod_id`, `reviews_id`, `format_id`, `feedback_id`, `story`, `created_at`, `updated_at`) VALUES (34, 3, 2, 5201095, 'Praesentium repudiandae iure beatae ut et et error. Ratione placeat harum fuga sint temporibus quos quaerat. Quidem minima ad nostrum.', '1991-06-16 06:46:30', '1983-02-27 03:36:25');
INSERT INTO `video` (`catalod_id`, `reviews_id`, `format_id`, `feedback_id`, `story`, `created_at`, `updated_at`) VALUES (35, 0, 1, 0, 'Nostrum et fugiat et consequatur et quaerat. Numquam est enim et deserunt. Illum tenetur sit sit unde et ut dolore.', '2011-12-04 12:50:50', '1989-06-22 15:34:15');
INSERT INTO `video` (`catalod_id`, `reviews_id`, `format_id`, `feedback_id`, `story`, `created_at`, `updated_at`) VALUES (36, 0, 3, 0, 'Qui eos libero est nostrum quaerat dolore. Molestiae neque et ea rerum ea ducimus. Quas illum voluptatum impedit. Occaecati quo dolores aut repellat qui dolorem.', '2002-02-16 11:22:26', '1992-05-11 18:16:02');
INSERT INTO `video` (`catalod_id`, `reviews_id`, `format_id`, `feedback_id`, `story`, `created_at`, `updated_at`) VALUES (37, 866, 1, 0, 'Necessitatibus amet quia officia asperiores. Tempora at qui quo labore fuga doloribus. Dolor omnis qui officia aut. Eos at a laborum voluptatibus deleniti.', '2015-01-24 10:11:13', '1973-10-06 23:37:45');
INSERT INTO `video` (`catalod_id`, `reviews_id`, `format_id`, `feedback_id`, `story`, `created_at`, `updated_at`) VALUES (38, 0, 1, 423105440, 'Velit at magnam quo ipsum aperiam. In dolorem quod sint labore dolorem architecto.', '2010-07-07 04:48:09', '2016-06-03 01:06:42');
INSERT INTO `video` (`catalod_id`, `reviews_id`, `format_id`, `feedback_id`, `story`, `created_at`, `updated_at`) VALUES (39, 0, 3, 0, 'Quia officiis corrupti rerum nisi omnis illo labore. Inventore corporis ad quam aut veniam rerum. Odio voluptatem quis officia veritatis voluptates. Repellat ratione est quo consequatur sunt.', '1999-09-30 04:04:57', '1971-08-05 20:34:32');
INSERT INTO `video` (`catalod_id`, `reviews_id`, `format_id`, `feedback_id`, `story`, `created_at`, `updated_at`) VALUES (40, 0, 2, 630, 'Et et doloremque deserunt et natus at. In est enim et sunt. Blanditiis beatae praesentium excepturi.', '1994-04-21 09:19:17', '1977-12-01 00:29:26');
INSERT INTO `video` (`catalod_id`, `reviews_id`, `format_id`, `feedback_id`, `story`, `created_at`, `updated_at`) VALUES (41, 0, 3, 8, 'Nisi voluptates excepturi quibusdam qui. Commodi nostrum nisi aut dolores autem ullam ipsam. Et laboriosam mollitia nobis eos fugiat est eligendi.', '1979-12-04 21:52:55', '2001-08-09 16:58:00');
INSERT INTO `video` (`catalod_id`, `reviews_id`, `format_id`, `feedback_id`, `story`, `created_at`, `updated_at`) VALUES (42, 73512529, 1, 9554467, 'Et voluptas aliquid voluptatem quo. Expedita molestiae in quia facilis voluptas expedita doloribus. Inventore aut voluptatem in et quam dolorem est. Quia velit placeat rerum.', '1986-03-06 08:28:09', '2013-09-10 21:33:54');
INSERT INTO `video` (`catalod_id`, `reviews_id`, `format_id`, `feedback_id`, `story`, `created_at`, `updated_at`) VALUES (43, 0, 2, 0, 'Impedit sapiente vitae quae placeat occaecati occaecati temporibus. Aspernatur aperiam corrupti est quia. Voluptas adipisci voluptatibus sit voluptatem nesciunt veniam est.', '1999-08-21 23:22:48', '1992-12-20 14:46:17');
INSERT INTO `video` (`catalod_id`, `reviews_id`, `format_id`, `feedback_id`, `story`, `created_at`, `updated_at`) VALUES (44, 0, 2, 0, 'Numquam vel et dolor nesciunt error reprehenderit et. Sunt praesentium delectus quam et. In et quia quis tempore facilis. Ex laudantium dicta sed dolor. Tenetur inventore ducimus enim ipsa.', '2020-08-24 14:24:50', '2008-02-10 13:21:41');
INSERT INTO `video` (`catalod_id`, `reviews_id`, `format_id`, `feedback_id`, `story`, `created_at`, `updated_at`) VALUES (45, 1560, 2, 199315140, 'Voluptas ut suscipit assumenda et provident. Nulla quia sint quo eum aut recusandae. Aut provident molestiae suscipit nisi explicabo. Dolores dolores corporis quidem et esse.', '2010-04-14 07:12:07', '2006-06-24 00:45:05');
INSERT INTO `video` (`catalod_id`, `reviews_id`, `format_id`, `feedback_id`, `story`, `created_at`, `updated_at`) VALUES (46, 0, 1, 73, 'Modi reiciendis id libero adipisci optio facilis neque. Doloremque voluptatum rem aut at ut autem. Laboriosam ab ea non voluptas impedit ab. Ullam quasi in molestias ipsum reiciendis in.', '1983-05-05 01:34:34', '1997-08-12 11:42:15');
INSERT INTO `video` (`catalod_id`, `reviews_id`, `format_id`, `feedback_id`, `story`, `created_at`, `updated_at`) VALUES (47, 0, 3, 0, 'Magnam similique aut natus. Corporis et autem est magnam ut consequatur animi repellat. Quia in voluptatibus laborum totam quisquam sit beatae. Aut asperiores sed est sunt.', '1999-07-05 02:35:46', '1983-08-29 01:39:21');
INSERT INTO `video` (`catalod_id`, `reviews_id`, `format_id`, `feedback_id`, `story`, `created_at`, `updated_at`) VALUES (48, 0, 3, 0, 'Voluptatem earum consequatur temporibus blanditiis harum quia deleniti. Ipsa molestiae rem modi. Nihil quas neque sequi dolorem.', '1990-02-01 19:50:26', '1994-02-02 04:49:10');
INSERT INTO `video` (`catalod_id`, `reviews_id`, `format_id`, `feedback_id`, `story`, `created_at`, `updated_at`) VALUES (49, 401, 3, 0, 'Et vero nihil voluptatem quisquam qui. Eos impedit sit ab. Sapiente dignissimos minima dignissimos molestias pariatur. Ut quia accusantium consectetur molestiae.', '1990-06-12 02:31:46', '1974-04-23 13:09:10');
INSERT INTO `video` (`catalod_id`, `reviews_id`, `format_id`, `feedback_id`, `story`, `created_at`, `updated_at`) VALUES (50, 0, 2, 16819651, 'Pariatur adipisci eum sunt ut fugiat. Debitis tempora autem expedita sit. Quos quod fugit voluptatem et. Ullam minima corporis quo.', '2000-01-23 00:55:29', '1973-12-03 13:07:19');
INSERT INTO `video` (`catalod_id`, `reviews_id`, `format_id`, `feedback_id`, `story`, `created_at`, `updated_at`) VALUES (51, 8, 2, 18864421, 'Autem explicabo rem minus aliquam. Veritatis est quibusdam dolores dignissimos consequuntur velit rerum. Quam ut ut id quis. Pariatur rerum nihil ratione non qui deserunt.', '1988-02-11 17:11:55', '1985-01-19 10:38:22');
INSERT INTO `video` (`catalod_id`, `reviews_id`, `format_id`, `feedback_id`, `story`, `created_at`, `updated_at`) VALUES (52, 0, 1, 55537223, 'Vero voluptas quo omnis placeat. Libero fugit sit est possimus. Distinctio soluta ex non vitae asperiores. Eum alias deserunt reiciendis.', '1993-03-20 21:33:09', '1976-05-28 04:06:59');
INSERT INTO `video` (`catalod_id`, `reviews_id`, `format_id`, `feedback_id`, `story`, `created_at`, `updated_at`) VALUES (53, 68, 3, 546544664, 'Aliquid sit cumque omnis. Est nihil sunt natus omnis distinctio. Nemo temporibus quis odio exercitationem atque. Porro debitis quisquam ut possimus est cumque.', '1975-04-19 00:30:16', '1988-04-05 16:22:18');
INSERT INTO `video` (`catalod_id`, `reviews_id`, `format_id`, `feedback_id`, `story`, `created_at`, `updated_at`) VALUES (54, 0, 1, 0, 'Eaque in quibusdam eligendi dolores ad. Et labore iste aut qui quis. Cupiditate ut itaque ut voluptatem odit. Illum corrupti aut voluptatibus.', '2004-04-08 04:19:28', '1987-06-11 03:15:57');
INSERT INTO `video` (`catalod_id`, `reviews_id`, `format_id`, `feedback_id`, `story`, `created_at`, `updated_at`) VALUES (55, 548709, 1, 3297, 'Consectetur eligendi sit incidunt qui. Est et reprehenderit at est corporis. Sapiente non quo non fugiat molestiae et et. Sed voluptatem quo officia officia quaerat amet omnis.', '2005-09-08 01:27:27', '1983-09-08 14:09:14');
INSERT INTO `video` (`catalod_id`, `reviews_id`, `format_id`, `feedback_id`, `story`, `created_at`, `updated_at`) VALUES (56, 0, 1, 57537, 'Aut ut et ut assumenda ut. Quia aliquid quibusdam asperiores ut ratione ut. Consequatur qui qui quae molestias voluptatibus aut.', '1975-11-17 09:00:07', '2009-08-24 21:31:01');
INSERT INTO `video` (`catalod_id`, `reviews_id`, `format_id`, `feedback_id`, `story`, `created_at`, `updated_at`) VALUES (57, 0, 2, 6949, 'Temporibus accusamus natus quae aliquid. Voluptatem eligendi nemo assumenda asperiores voluptatem amet rem. Facere ad rerum qui omnis ducimus tempore facere. Dolorum tenetur porro eos ullam.', '1970-04-06 15:02:03', '1982-08-06 14:59:13');
INSERT INTO `video` (`catalod_id`, `reviews_id`, `format_id`, `feedback_id`, `story`, `created_at`, `updated_at`) VALUES (58, 33298202, 1, 0, 'Iusto in eum exercitationem. Hic neque velit quo temporibus nostrum molestiae. Similique iure neque vero sit voluptas.', '1995-08-27 11:56:38', '1988-09-05 15:48:21');
INSERT INTO `video` (`catalod_id`, `reviews_id`, `format_id`, `feedback_id`, `story`, `created_at`, `updated_at`) VALUES (59, 0, 2, 0, 'Corrupti similique alias voluptate asperiores est nostrum quo. Ullam et eligendi voluptas quibusdam. Dolores dolorem optio eveniet expedita non. Est fugit enim aliquam eos ipsum quam.', '1982-03-25 11:00:39', '1983-11-29 02:07:46');
INSERT INTO `video` (`catalod_id`, `reviews_id`, `format_id`, `feedback_id`, `story`, `created_at`, `updated_at`) VALUES (60, 0, 3, 39, 'Vero adipisci eos soluta sequi laboriosam tempora nemo. Suscipit nesciunt nisi accusamus omnis et assumenda dolorum amet. Voluptate eos ratione voluptate distinctio. Voluptates et dolorem illo omnis.', '2001-12-13 04:20:48', '2000-02-12 22:56:10');
INSERT INTO `video` (`catalod_id`, `reviews_id`, `format_id`, `feedback_id`, `story`, `created_at`, `updated_at`) VALUES (61, 434, 2, 0, 'Velit repellendus itaque sit est facilis. Sed aut ratione ipsum temporibus est dolores qui. Consequatur est dolores maiores. Qui eum placeat vel quos tenetur.', '1998-10-15 16:54:50', '1976-02-05 03:44:15');
INSERT INTO `video` (`catalod_id`, `reviews_id`, `format_id`, `feedback_id`, `story`, `created_at`, `updated_at`) VALUES (62, 4805, 2, 0, 'Voluptas cum tempora aspernatur vitae. Eligendi tempore ut rerum explicabo hic omnis.', '2018-01-26 14:09:42', '2019-05-29 23:52:24');
INSERT INTO `video` (`catalod_id`, `reviews_id`, `format_id`, `feedback_id`, `story`, `created_at`, `updated_at`) VALUES (63, 92, 3, 0, 'Ducimus aut rerum doloribus. Laborum aliquam pariatur facere iusto id facilis. Enim temporibus quibusdam quia labore cum voluptatem. Nemo voluptas tempore ex aut.', '1979-12-23 07:53:54', '2005-08-26 11:05:26');
INSERT INTO `video` (`catalod_id`, `reviews_id`, `format_id`, `feedback_id`, `story`, `created_at`, `updated_at`) VALUES (64, 38162, 3, 0, 'Incidunt totam sapiente sit aut voluptate corporis. Accusamus eligendi repudiandae nihil beatae. Velit qui aliquam perferendis nesciunt facere. Culpa illo beatae sunt et hic totam tempora.', '1971-03-22 19:55:38', '1976-09-03 03:47:48');
INSERT INTO `video` (`catalod_id`, `reviews_id`, `format_id`, `feedback_id`, `story`, `created_at`, `updated_at`) VALUES (65, 0, 1, 0, 'Vero velit minima quam at quod omnis rerum doloribus. Autem aperiam et repellendus minima voluptate. Totam vitae repellat autem tempore. Aliquid in voluptatibus est ea consequatur.', '1978-08-07 21:43:14', '1988-02-06 09:47:21');
INSERT INTO `video` (`catalod_id`, `reviews_id`, `format_id`, `feedback_id`, `story`, `created_at`, `updated_at`) VALUES (66, 0, 3, 0, 'Omnis mollitia qui est excepturi ea magni. Ab vitae vel est eum impedit minima rerum esse. Nisi consequuntur doloribus et minus provident dolor in illum. Omnis nulla ad repellat omnis maxime eos.', '2003-07-10 04:51:43', '2018-09-03 23:30:42');
INSERT INTO `video` (`catalod_id`, `reviews_id`, `format_id`, `feedback_id`, `story`, `created_at`, `updated_at`) VALUES (67, 0, 2, 0, 'Provident fugit quo aspernatur libero. Id et optio possimus ut sit quis. Voluptate architecto quod est laboriosam.\nTempore odio nobis ullam et et. Dolores aliquid quisquam temporibus.', '1993-09-11 00:14:08', '1980-02-22 09:28:06');
INSERT INTO `video` (`catalod_id`, `reviews_id`, `format_id`, `feedback_id`, `story`, `created_at`, `updated_at`) VALUES (68, 0, 2, 522, 'Omnis omnis ex veniam dignissimos explicabo at. Ut nulla qui perferendis id sunt qui. Rerum vel explicabo omnis ut ducimus. Alias explicabo veniam aut quia.', '2017-11-02 09:00:13', '1974-12-24 15:39:06');
INSERT INTO `video` (`catalod_id`, `reviews_id`, `format_id`, `feedback_id`, `story`, `created_at`, `updated_at`) VALUES (69, 88681659, 2, 0, 'Eum qui saepe ea et. Quas dicta maiores fuga sed quos in perferendis. Est ut quidem dolorem expedita.', '2015-12-27 02:18:14', '1999-05-01 14:30:48');
INSERT INTO `video` (`catalod_id`, `reviews_id`, `format_id`, `feedback_id`, `story`, `created_at`, `updated_at`) VALUES (70, 0, 1, 67292, 'Voluptatem harum voluptatum suscipit. Repudiandae ducimus ipsa dignissimos animi quis minima. Non sint voluptatem eaque iure assumenda sequi.', '1999-10-11 16:22:36', '1995-01-03 06:04:30');
INSERT INTO `video` (`catalod_id`, `reviews_id`, `format_id`, `feedback_id`, `story`, `created_at`, `updated_at`) VALUES (71, 0, 2, 0, 'Et eos iure quo distinctio itaque et voluptas vitae. Pariatur ipsum sit doloremque.', '2012-03-14 14:58:01', '2013-12-21 17:24:48');
INSERT INTO `video` (`catalod_id`, `reviews_id`, `format_id`, `feedback_id`, `story`, `created_at`, `updated_at`) VALUES (72, 0, 2, 9, 'Eius ex cumque quidem porro eligendi quia. Voluptas molestiae consectetur facilis magni.', '1997-12-28 18:29:36', '1990-06-28 00:22:00');
INSERT INTO `video` (`catalod_id`, `reviews_id`, `format_id`, `feedback_id`, `story`, `created_at`, `updated_at`) VALUES (73, 68339363, 2, 4217524, 'Alias dignissimos aut aut dolorem necessitatibus. Saepe autem occaecati perferendis iste. Voluptatum nobis doloremque cumque magnam id veritatis.', '1979-12-22 12:53:06', '2014-06-29 09:10:21');
INSERT INTO `video` (`catalod_id`, `reviews_id`, `format_id`, `feedback_id`, `story`, `created_at`, `updated_at`) VALUES (74, 0, 3, 0, 'Velit rem dolor totam. Aliquid et molestiae tenetur nam et tenetur blanditiis. Officiis qui ipsam amet recusandae aperiam architecto. Velit occaecati tempora quaerat amet.', '2015-06-06 12:23:57', '1994-06-20 16:27:04');
INSERT INTO `video` (`catalod_id`, `reviews_id`, `format_id`, `feedback_id`, `story`, `created_at`, `updated_at`) VALUES (75, 2538878, 2, 0, 'Aliquam quia sint quia impedit similique et officia ut. Quis cupiditate et similique ullam mollitia excepturi accusamus molestiae. Ipsum qui quo voluptatem aspernatur totam eum nemo.', '1988-03-16 01:21:55', '1987-06-05 05:51:52');
INSERT INTO `video` (`catalod_id`, `reviews_id`, `format_id`, `feedback_id`, `story`, `created_at`, `updated_at`) VALUES (76, 177, 2, 0, 'Fugit eum fuga aperiam natus placeat incidunt. Maxime omnis odit voluptas. Enim expedita explicabo qui et doloremque voluptatem reiciendis. Iusto aut numquam laborum quae.', '2013-08-06 17:47:25', '2001-01-30 05:46:41');
INSERT INTO `video` (`catalod_id`, `reviews_id`, `format_id`, `feedback_id`, `story`, `created_at`, `updated_at`) VALUES (77, 0, 1, 0, 'Molestiae porro mollitia reiciendis unde quos et facere. Velit quasi dolor aperiam eos facilis omnis. Harum similique impedit sed pariatur consequatur et magni.', '1972-11-16 23:25:49', '1977-07-09 04:02:08');
INSERT INTO `video` (`catalod_id`, `reviews_id`, `format_id`, `feedback_id`, `story`, `created_at`, `updated_at`) VALUES (78, 0, 1, 0, 'Modi mollitia qui ab reiciendis qui minus nemo. Rerum consequatur debitis dolorum omnis voluptatem enim quis. Est sit est molestiae magni quia.', '2000-10-30 21:00:28', '1991-09-03 13:52:35');
INSERT INTO `video` (`catalod_id`, `reviews_id`, `format_id`, `feedback_id`, `story`, `created_at`, `updated_at`) VALUES (79, 60630, 3, 8213, 'Necessitatibus laudantium consequatur voluptatem qui numquam. Error enim vitae distinctio qui sint dolor reiciendis. Neque dolorem quisquam distinctio quam.', '2013-05-14 10:12:15', '1992-03-25 01:22:52');
INSERT INTO `video` (`catalod_id`, `reviews_id`, `format_id`, `feedback_id`, `story`, `created_at`, `updated_at`) VALUES (80, 2576418, 3, 0, 'Vel aliquam quisquam et necessitatibus magni voluptas velit praesentium. Sequi quaerat magni omnis enim. Quia quasi voluptatibus perspiciatis numquam qui.', '1982-09-22 04:56:15', '1992-06-17 17:45:54');
INSERT INTO `video` (`catalod_id`, `reviews_id`, `format_id`, `feedback_id`, `story`, `created_at`, `updated_at`) VALUES (81, 0, 2, 0, 'Voluptatum explicabo expedita ipsam et qui placeat sint. Est vitae cumque repudiandae incidunt maxime officiis placeat. Distinctio enim omnis minima. Est rerum commodi repellat rem et deserunt.', '1994-07-05 22:49:28', '1997-05-31 09:08:26');
INSERT INTO `video` (`catalod_id`, `reviews_id`, `format_id`, `feedback_id`, `story`, `created_at`, `updated_at`) VALUES (82, 0, 2, 285, 'Est rerum eveniet qui sunt ut. Unde adipisci doloremque fugiat consequatur quos.\nConsequuntur id et aut corrupti dolorum. Non quia eos dolor autem et harum et. Et asperiores porro adipisci possimus.', '1999-12-19 01:55:36', '1977-07-08 01:53:00');
INSERT INTO `video` (`catalod_id`, `reviews_id`, `format_id`, `feedback_id`, `story`, `created_at`, `updated_at`) VALUES (83, 0, 3, 20, 'Perspiciatis repudiandae repudiandae iste mollitia nesciunt. Maxime asperiores sed et voluptates doloribus. Sunt similique quae quae sed voluptatem autem et.', '1999-05-06 21:56:55', '1984-10-20 00:04:00');
INSERT INTO `video` (`catalod_id`, `reviews_id`, `format_id`, `feedback_id`, `story`, `created_at`, `updated_at`) VALUES (84, 2199, 1, 0, 'Totam dignissimos omnis placeat sed. Dolores aspernatur rem voluptatem temporibus ut dignissimos quia. Dignissimos blanditiis in laudantium aliquid et nesciunt quis.', '1988-06-27 11:27:09', '2002-08-31 20:34:37');
INSERT INTO `video` (`catalod_id`, `reviews_id`, `format_id`, `feedback_id`, `story`, `created_at`, `updated_at`) VALUES (85, 21660, 2, 0, 'Facilis et officia beatae aut. Est ullam rerum nam qui quam blanditiis et. Sint repellat cum reprehenderit. Commodi dolor qui nesciunt voluptas placeat recusandae aliquam dicta.', '1988-01-12 07:01:58', '2016-10-27 23:19:12');
INSERT INTO `video` (`catalod_id`, `reviews_id`, `format_id`, `feedback_id`, `story`, `created_at`, `updated_at`) VALUES (86, 0, 3, 292478, 'Quis aut aperiam dolorum veniam. Odio praesentium sit molestias. Officiis molestias voluptatem perferendis possimus.', '2017-11-26 07:33:01', '2017-12-03 02:15:45');
INSERT INTO `video` (`catalod_id`, `reviews_id`, `format_id`, `feedback_id`, `story`, `created_at`, `updated_at`) VALUES (87, 0, 2, 0, 'Ut eveniet quia tempore. Nam hic suscipit nemo quod eos aperiam quia. Nam voluptatem sint numquam inventore est ipsa eum.', '2000-01-02 08:45:45', '2004-08-20 07:59:04');
INSERT INTO `video` (`catalod_id`, `reviews_id`, `format_id`, `feedback_id`, `story`, `created_at`, `updated_at`) VALUES (88, 0, 3, 0, 'Qui ut distinctio harum dolor iure. Odit vitae numquam rerum aut. Porro voluptas ut nobis quia earum.', '1982-02-08 04:15:52', '2010-12-10 00:57:15');
INSERT INTO `video` (`catalod_id`, `reviews_id`, `format_id`, `feedback_id`, `story`, `created_at`, `updated_at`) VALUES (89, 0, 3, 5, 'Quas eaque officiis ut debitis. Quam eaque rem magni necessitatibus voluptas dicta. Iure nobis sequi quia nesciunt. Sequi assumenda libero illo maiores quia ipsa laboriosam et.', '2007-10-28 00:08:21', '1999-01-30 18:29:46');
INSERT INTO `video` (`catalod_id`, `reviews_id`, `format_id`, `feedback_id`, `story`, `created_at`, `updated_at`) VALUES (90, 130, 1, 193, 'Velit iusto est id aut nisi impedit provident repellat. Distinctio maiores repellat consequatur nam. Aut est voluptatibus perferendis harum.', '1997-02-22 09:04:19', '1982-11-26 10:56:07');
INSERT INTO `video` (`catalod_id`, `reviews_id`, `format_id`, `feedback_id`, `story`, `created_at`, `updated_at`) VALUES (91, 0, 2, 0, 'Magnam odio et iure. Rerum deleniti veniam non libero ipsa suscipit.\nAlias quasi tenetur nam ducimus maxime pariatur rerum. Maxime facilis et voluptates.', '2009-04-10 07:40:37', '2015-02-13 04:13:36');
INSERT INTO `video` (`catalod_id`, `reviews_id`, `format_id`, `feedback_id`, `story`, `created_at`, `updated_at`) VALUES (92, 325448, 2, 0, 'Qui ipsam vel in minus. Dicta ratione quisquam reprehenderit. Nobis nulla laborum dolores.', '2014-09-15 10:38:51', '1976-08-31 01:42:25');
INSERT INTO `video` (`catalod_id`, `reviews_id`, `format_id`, `feedback_id`, `story`, `created_at`, `updated_at`) VALUES (93, 2114979, 2, 0, 'Commodi ullam quam tempora fuga. Culpa aut quia mollitia expedita. Dolorem suscipit recusandae eius esse illum et. Harum cum adipisci sint et dolorum eaque. Qui est dicta quia quibusdam et.', '1990-10-30 17:01:47', '1983-10-14 05:15:13');
INSERT INTO `video` (`catalod_id`, `reviews_id`, `format_id`, `feedback_id`, `story`, `created_at`, `updated_at`) VALUES (94, 0, 3, 0, 'Qui aut aperiam consequatur illum at. Est quia et consequuntur laboriosam eum quia.\nDolor hic cumque sit. Dolorem adipisci sed excepturi. Similique rem velit velit nostrum rerum.', '2018-12-04 10:15:30', '2004-10-09 18:36:51');
INSERT INTO `video` (`catalod_id`, `reviews_id`, `format_id`, `feedback_id`, `story`, `created_at`, `updated_at`) VALUES (95, 0, 3, 0, 'Est velit autem id veritatis consequatur rerum pariatur voluptatem. Quis quasi repellat et. Voluptate temporibus quisquam aut id corporis. Doloribus odio autem et recusandae molestiae velit.', '1979-07-24 07:24:16', '2017-01-23 21:20:46');
INSERT INTO `video` (`catalod_id`, `reviews_id`, `format_id`, `feedback_id`, `story`, `created_at`, `updated_at`) VALUES (96, 0, 2, 0, 'Aut praesentium consequatur non autem. Explicabo error placeat pariatur ut sapiente architecto. Explicabo qui nam inventore enim nesciunt quod a. Sint eos nisi libero dignissimos consectetur.', '2007-04-02 23:17:50', '1993-11-16 00:40:40');
INSERT INTO `video` (`catalod_id`, `reviews_id`, `format_id`, `feedback_id`, `story`, `created_at`, `updated_at`) VALUES (97, 0, 2, 9467946, 'Quasi maxime omnis et est. Officia id ipsum eum rem magni. Et dolores aut aliquid possimus qui voluptas rerum. Debitis dolore id harum repellendus.', '1990-01-03 09:06:13', '1986-02-24 08:54:47');
INSERT INTO `video` (`catalod_id`, `reviews_id`, `format_id`, `feedback_id`, `story`, `created_at`, `updated_at`) VALUES (98, 0, 3, 81123107, 'Repellendus alias nihil illum ut. Optio veniam est quae laboriosam libero voluptas. Culpa modi voluptatem suscipit fugiat qui molestiae quis.', '1986-04-30 23:40:11', '1988-06-28 05:11:40');
INSERT INTO `video` (`catalod_id`, `reviews_id`, `format_id`, `feedback_id`, `story`, `created_at`, `updated_at`) VALUES (99, 0, 3, 0, 'Cum unde placeat et. Enim rerum recusandae libero doloremque debitis sit. Quisquam occaecati nemo quia minus laboriosam.', '2013-04-13 01:27:34', '2013-12-12 12:34:55');
INSERT INTO `video` (`catalod_id`, `reviews_id`, `format_id`, `feedback_id`, `story`, `created_at`, `updated_at`) VALUES (100, 0, 1, 41709, 'Earum ut magnam sed. Perspiciatis eius doloribus voluptatum veniam et aperiam tenetur. Quod inventore aspernatur rerum odio. Architecto natus consequatur laboriosam autem.', '1997-01-01 14:02:14', '2010-08-09 07:36:06');


